,accuracy,accuracy_loss,compression,type,tar_type,repr
0,0.9874,-0.1,7.380082,BH,float 32,"[7, 26, 16, 8, 18]"
1,0.987,-0.06,8.68755,BH,float 32,"[31, 16, 15, 7, 4]"
2,0.9844,0.2,8.719547,BH,float 32,"[8, 28, 3, 11, 10]"
3,0.984,0.24,9.3726225,BH,float 32,"[12, 26, 8, 3, 7]"
4,0.9838,0.26,10.813663,BH,float 32,"[3, 23, 3, 8, 8]"
5,0.9832,0.32,11.942784,BH,float 32,"[7, 25, 10, 2, 12]"
6,0.9832,0.32,12.77805,BH,float 32,"[27, 15, 11, 3, 2]"
7,0.9826,0.38,13.50909,BH,float 32,"[3, 21, 8, 2, 11]"
8,0.9822,0.42,16.53627,BH,float 32,"[23, 15, 7, 2, 2]"
9,0.98,0.64,16.623837,BH,float 32,"[5, 22, 10, 2, 2]"
10,0.9788,0.76,17.358612,BH,float 32,"[19, 19, 3, 2, 2]"
11,0.9786,0.7799999999999999,18.019592,BH,float 32,"[3, 19, 6, 2, 2]"
12,0.9872,-0.08,4.901838,GA,float 32,"[45, 19, 26, 19, 47]"
13,0.9868,-0.04,5.139124,GA,float 32,"[16, 35, 29, 44, 27]"
14,0.9866,-0.02,5.1825347,GA,float 32,"[30, 20, 47, 49, 16]"
15,0.9864,0.0,5.269414,GA,float 32,"[20, 23, 50, 25, 17]"
16,0.9862,0.02,6.776252,GA,float 32,"[22, 13, 35, 14, 5]"
17,0.9856,0.08,6.8145432,GA,float 32,"[19, 13, 11, 46, 5]"
18,0.9852,0.12,7.333535,GA,float 32,"[5, 44, 15, 31, 5]"
19,0.9846,0.18,11.917305,GA,float 32,"[46, 31, 30, 4, 2]"
20,0.9824,0.4,11.931096,GA,float 32,"[29, 13, 8, 2, 14]"
21,0.982,0.44,16.069323,GA,float 32,"[8, 25, 32, 2, 2]"
22,0.9812,0.52,16.620386,GA,float 32,"[5, 23, 10, 2, 2]"
23,0.9872,-0.08,5.867218,PSO,float 32,"[23, 29, 44, 45, 5]"
24,0.9872,-0.08,5.9372897,PSO,float 32,"[9, 14, 18, 45, 23]"
25,0.9872,-0.08,6.298136,PSO,float 32,"[7, 10, 26, 48, 23]"
26,0.987,-0.06,6.448751,PSO,float 32,"[11, 17, 11, 28, 12]"
27,0.9868,-0.04,6.6425376,PSO,float 32,"[16, 10, 11, 26, 11]"
28,0.9866,-0.02,7.175837,PSO,float 32,"[42, 22, 13, 47, 4]"
29,0.9862,0.02,8.567266,PSO,float 32,"[17, 7, 13, 31, 4]"
30,0.9854,0.1,12.010574,PSO,float 32,"[7, 12, 6, 50, 2]"
31,0.9814,0.5,12.1580715,PSO,float 32,"[3, 20, 12, 50, 2]"
32,0.9812,0.52,12.159833,PSO,float 32,"[3, 14, 17, 39, 2]"
33,0.981,0.54,12.175916,PSO,float 32,"[3, 11, 22, 38, 2]"
34,0.9808,0.5599999999999999,13.005912,PSO,float 32,"[3, 14, 7, 50, 2]"
35,0.9808,0.5599999999999999,14.084479,PSO,float 32,"[3, 12, 4, 47, 2]"
36,0.978,0.84,15.600286,PSO,float 32,"[9, 21, 2, 50, 2]"
37,0.9776,0.88,15.950884,PSO,float 32,"[7, 19, 2, 48, 2]"
38,0.9768,0.96,16.027037,PSO,float 32,"[6, 18, 2, 49, 2]"
39,0.9768,0.96,16.21956,PSO,float 32,"[8, 10, 2, 45, 2]"
40,0.9766,0.98,17.285301,PSO,float 32,"[3, 12, 2, 39, 2]"
41,0.9872,-0.08,5.5179048,BH,float 32,"[29, 15, 16, 45, 35]"
42,0.987,-0.06,5.9299674,BH,float 32,"[7, 27, 19, 50, 24]"
43,0.987,-0.06,6.3495216,BH,float 32,"[9, 11, 38, 29, 9]"
44,0.9864,0.0,7.108102,BH,float 32,"[8, 13, 13, 12, 20]"
45,0.9862,0.02,7.244053,BH,float 32,"[6, 25, 14, 47, 6]"
46,0.986,0.04,7.653403,BH,float 32,"[4, 13, 26, 15, 22]"
47,0.9856,0.08,12.076253,BH,float 32,"[6, 8, 16, 42, 2]"
48,0.9828,0.36,13.03807,BH,float 32,"[3, 10, 7, 34, 2]"
49,0.9822,0.42,14.08494,BH,float 32,"[3, 3, 15, 50, 2]"
50,0.9822,0.42,14.08557,BH,float 32,"[3, 3, 15, 49, 2]"
51,0.982,0.44,14.30228,BH,float 32,"[3, 3, 15, 31, 2]"
52,0.981,0.54,14.304378,BH,float 32,"[3, 3, 14, 29, 2]"
53,0.981,0.54,14.626236,BH,float 32,"[3, 3, 8, 38, 2]"
54,0.981,0.54,14.83596,BH,float 32,"[3, 3, 8, 31, 2]"
55,0.9796,0.6799999999999999,14.837511,BH,float 32,"[3, 3, 5, 31, 2]"
56,0.9794,0.7000000000000001,14.840212,BH,float 32,"[3, 3, 5, 28, 2]"
57,0.9782,0.8200000000000001,15.693796,BH,float 32,"[3, 3, 4, 36, 2]"
58,0.9778,0.86,15.695722,BH,float 32,"[3, 3, 4, 33, 2]"
59,0.9872,-0.08,5.687472,GA,float 32,"[9, 10, 41, 24, 47]"
60,0.987,-0.06,6.1291156,GA,float 32,"[39, 15, 40, 7, 27]"
61,0.9868,-0.04,6.850903,GA,float 32,"[31, 8, 34, 7, 17]"
62,0.9858,0.06,9.322101,GA,float 32,"[6, 8, 19, 16, 4]"
63,0.9858,0.06,11.752953,GA,float 32,"[6, 8, 25, 47, 2]"
64,0.9854,0.1,11.9160385,GA,float 32,"[28, 8, 25, 7, 2]"
65,0.9854,0.1,12.074681,GA,float 32,"[17, 8, 25, 7, 2]"
66,0.9852,0.12,12.508388,GA,float 32,"[4, 8, 29, 33, 2]"
67,0.9852,0.12,12.615072,GA,float 32,"[6, 8, 14, 16, 2]"
68,0.985,0.13999999999999999,13.38948,GA,float 32,"[4, 10, 15, 7, 2]"
69,0.9838,0.26,13.580947,GA,float 32,"[4, 8, 22, 7, 2]"
70,0.983,0.33999999999999997,13.901085,GA,float 32,"[4, 8, 14, 7, 2]"
71,0.9822,0.42,14.434467,GA,float 32,"[4, 8, 8, 7, 2]"
72,0.9818,0.45999999999999996,14.956705,GA,float 32,"[4, 16, 4, 7, 2]"
73,0.9772,0.9199999999999999,16.337925,GA,float 32,"[17, 8, 2, 18, 2]"
74,0.977,0.9400000000000001,16.637209,GA,float 32,"[10, 8, 2, 23, 2]"
75,0.9878,-0.13999999999999999,5.633058,PSO,float 32,"[28, 15, 17, 27, 25]"
76,0.9872,-0.08,5.6552873,PSO,float 32,"[15, 19, 26, 25, 22]"
77,0.9868,-0.04,5.7883453,PSO,float 32,"[14, 11, 30, 35, 23]"
78,0.9868,-0.04,5.9920125,PSO,float 32,"[14, 11, 30, 27, 24]"
79,0.9868,-0.04,6.1818295,PSO,float 32,"[17, 15, 16, 19, 17]"
80,0.9866,-0.02,6.828811,PSO,float 32,"[9, 10, 14, 21, 14]"
81,0.9866,-0.02,7.3658876,PSO,float 32,"[7, 15, 21, 8, 21]"
82,0.986,0.04,7.6589246,PSO,float 32,"[21, 14, 26, 4, 24]"
83,0.9858,0.06,8.145155,PSO,float 32,"[11, 13, 6, 5, 13]"
84,0.9842,0.22,9.1405525,PSO,float 32,"[13, 13, 4, 7, 13]"
85,0.9834,0.3,11.926161,PSO,float 32,"[10, 13, 10, 2, 10]"
86,0.9834,0.3,12.867719,PSO,float 32,"[6, 14, 6, 2, 13]"
87,0.9806,0.58,13.421985,PSO,float 32,"[12, 14, 4, 2, 12]"
88,0.9802,0.62,13.91574,PSO,float 32,"[7, 14, 3, 2, 9]"
89,0.9792,0.72,14.391254,PSO,float 32,"[7, 14, 2, 4, 8]"
90,0.977,0.9400000000000001,17.825788,PSO,float 32,"[3, 12, 2, 13, 2]"
91,0.988,-0.16,5.7405334,BH,float 32,"[24, 11, 19, 29, 20]"
92,0.9872,-0.08,7.3079925,BH,float 32,"[15, 22, 34, 4, 28]"
93,0.987,-0.06,7.5131664,BH,float 32,"[19, 10, 30, 7, 8]"
94,0.9862,0.02,7.671204,BH,float 32,"[8, 13, 6, 27, 10]"
95,0.9862,0.02,8.04732,BH,float 32,"[13, 10, 37, 11, 4]"
96,0.986,0.04,8.599916,BH,float 32,"[12, 7, 35, 11, 4]"
97,0.9856,0.08,8.707756,BH,float 32,"[16, 6, 14, 19, 4]"
98,0.9852,0.12,11.457771,BH,float 32,"[6, 18, 32, 12, 2]"
99,0.9846,0.18,11.592921,BH,float 32,"[12, 5, 35, 11, 2]"
100,0.9846,0.18,12.098146,BH,float 32,"[12, 8, 33, 6, 2]"
101,0.9842,0.22,12.797782,BH,float 32,"[14, 10, 32, 4, 2]"
102,0.9838,0.26,12.831151,BH,float 32,"[12, 4, 18, 15, 2]"
103,0.9834,0.3,13.328879,BH,float 32,"[14, 6, 30, 4, 2]"
104,0.9816,0.48,16.243246,BH,float 32,"[16, 6, 34, 2, 2]"
105,0.981,0.54,16.66834,BH,float 32,"[9, 7, 30, 2, 2]"
106,0.9802,0.62,17.607924,BH,float 32,"[12, 4, 32, 2, 2]"
107,0.98,0.64,18.058985,BH,float 32,"[7, 4, 32, 2, 2]"
108,0.9788,0.76,18.133213,BH,float 32,"[6, 4, 27, 2, 2]"
109,0.9788,0.76,18.21408,BH,float 32,"[5, 4, 30, 2, 2]"
110,0.9782,0.8200000000000001,19.088703,BH,float 32,"[3, 3, 25, 2, 2]"
111,0.978,0.84,19.089684,BH,float 32,"[3, 3, 20, 2, 2]"
112,0.987,-0.06,5.274735,GA,float 32,"[50, 16, 15, 35, 48]"
113,0.9868,-0.04,5.4019537,GA,float 32,"[24, 42, 23, 13, 32]"
114,0.9866,-0.02,7.4170675,GA,float 32,"[24, 8, 21, 13, 8]"
115,0.9866,-0.02,8.355549,GA,float 32,"[17, 14, 14, 12, 4]"
116,0.9852,0.12,10.953951,GA,float 32,"[15, 11, 49, 13, 2]"
117,0.985,0.13999999999999999,11.288981,GA,float 32,"[33, 22, 8, 13, 2]"
118,0.9848,0.16,11.324725,GA,float 32,"[17, 8, 50, 13, 2]"
119,0.9846,0.18,11.80666,GA,float 32,"[11, 8, 31, 13, 2]"
120,0.9844,0.2,12.16533,GA,float 32,"[8, 20, 8, 13, 2]"
121,0.984,0.24,12.515446,GA,float 32,"[16, 8, 6, 13, 2]"
122,0.9816,0.48,14.313545,GA,float 32,"[3, 3, 17, 13, 2]"
123,0.9812,0.52,14.314354,GA,float 32,"[3, 3, 20, 12, 2]"
124,0.9804,0.6,14.634696,GA,float 32,"[3, 3, 12, 12, 2]"
125,0.9796,0.6799999999999999,14.635592,GA,float 32,"[3, 3, 9, 12, 2]"
126,0.9776,0.88,15.1611,GA,float 32,"[24, 18, 2, 45, 2]"
127,0.9776,0.88,15.967013,GA,float 32,"[15, 11, 2, 18, 2]"
128,0.9776,0.88,16.23376,GA,float 32,"[3, 3, 4, 12, 2]"
129,0.977,0.9400000000000001,16.888197,GA,float 32,"[6, 13, 2, 12, 2]"
130,0.977,0.9400000000000001,17.489925,GA,float 32,"[3, 23, 2, 13, 2]"
131,0.9766,0.98,17.491323,GA,float 32,"[3, 23, 2, 12, 2]"
132,0.9874,-0.1,5.3598437,PSO,float 32,"[15, 32, 25, 29, 39]"
133,0.9872,-0.08,5.938059,PSO,float 32,"[10, 38, 25, 14, 17]"
134,0.9866,-0.02,6.205945,PSO,float 32,"[20, 10, 35, 8, 35]"
135,0.9866,-0.02,7.4954553,PSO,float 32,"[10, 48, 15, 4, 50]"
136,0.984,0.24,10.125281,PSO,float 32,"[30, 29, 26, 2, 44]"
137,0.9834,0.3,11.054451,PSO,float 32,"[15, 21, 16, 2, 24]"
138,0.9832,0.32,11.792002,PSO,float 32,"[10, 14, 6, 2, 48]"
139,0.982,0.44,12.85941,PSO,float 32,"[3, 28, 8, 2, 43]"
140,0.9818,0.45999999999999996,13.221082,PSO,float 32,"[3, 15, 5, 2, 38]"
141,0.979,0.74,14.262591,PSO,float 32,"[3, 16, 3, 2, 42]"
142,0.9872,-0.08,5.3555584,BH,float 32,"[23, 29, 25, 25, 25]"
143,0.9872,-0.08,6.851254,BH,float 32,"[10, 11, 23, 34, 5]"
144,0.9866,-0.02,6.8738155,BH,float 32,"[24, 15, 23, 16, 8]"
145,0.9864,0.0,7.1627393,BH,float 32,"[17, 34, 21, 31, 4]"
146,0.9862,0.02,7.301374,BH,float 32,"[35, 11, 32, 35, 3]"
147,0.9858,0.06,7.424009,BH,float 32,"[25, 15, 26, 34, 3]"
148,0.9858,0.06,7.896295,BH,float 32,"[7, 28, 26, 33, 3]"
149,0.9856,0.08,7.906666,BH,float 32,"[30, 8, 21, 34, 3]"
150,0.9854,0.1,9.945354,BH,float 32,"[17, 19, 34, 34, 2]"
151,0.9854,0.1,10.276413,BH,float 32,"[15, 36, 26, 31, 2]"
152,0.9854,0.1,10.652965,BH,float 32,"[19, 12, 21, 31, 2]"
153,0.9852,0.12,11.100051,BH,float 32,"[24, 8, 29, 30, 2]"
154,0.9852,0.12,11.1284485,BH,float 32,"[22, 8, 21, 31, 2]"
155,0.985,0.13999999999999999,11.129073,BH,float 32,"[22, 8, 27, 29, 2]"
156,0.9848,0.16,11.131857,BH,float 32,"[22, 8, 22, 27, 2]"
157,0.9846,0.18,11.141426,BH,float 32,"[23, 5, 27, 32, 2]"
158,0.9846,0.18,11.144594,BH,float 32,"[23, 5, 20, 30, 2]"
159,0.9846,0.18,11.18719,BH,float 32,"[20, 5, 26, 31, 2]"
160,0.9844,0.2,11.334919,BH,float 32,"[18, 5, 13, 34, 2]"
161,0.984,0.24,11.762995,BH,float 32,"[13, 5, 16, 30, 2]"
162,0.9834,0.3,12.253347,BH,float 32,"[18, 4, 18, 29, 2]"
163,0.9834,0.3,12.593292,BH,float 32,"[17, 4, 12, 27, 2]"
164,0.9824,0.4,14.3067875,BH,float 32,"[3, 3, 15, 26, 2]"
165,0.9814,0.5,14.307992,BH,float 32,"[3, 3, 14, 25, 2]"
166,0.9806,0.58,14.309197,BH,float 32,"[3, 3, 13, 24, 2]"
167,0.98,0.64,14.310105,BH,float 32,"[3, 3, 13, 23, 2]"
168,0.9872,-0.08,5.613062,GA,float 32,"[35, 11, 17, 26, 17]"
169,0.9868,-0.04,6.8146152,GA,float 32,"[7, 7, 43, 21, 25]"
170,0.9864,0.0,8.627748,GA,float 32,"[12, 34, 14, 4, 7]"
171,0.9856,0.08,11.664374,GA,float 32,"[15, 30, 14, 5, 2]"
172,0.9844,0.2,11.775034,GA,float 32,"[38, 34, 29, 4, 2]"
173,0.9844,0.2,11.793572,GA,float 32,"[12, 18, 14, 5, 2]"
174,0.9844,0.2,11.797126,GA,float 32,"[12, 17, 14, 5, 2]"
175,0.9844,0.2,12.748006,GA,float 32,"[29, 34, 6, 4, 2]"
176,0.983,0.33999999999999997,13.256195,GA,float 32,"[3, 3, 14, 4, 4]"
177,0.9814,0.5,14.304434,GA,float 32,"[3, 12, 4, 26, 2]"
178,0.9814,0.5,14.309807,GA,float 32,"[3, 3, 14, 23, 2]"
179,0.9812,0.52,14.310716,GA,float 32,"[3, 3, 14, 22, 2]"
180,0.9812,0.52,15.910265,GA,float 32,"[3, 3, 18, 4, 2]"
181,0.9804,0.6,16.229618,GA,float 32,"[3, 3, 14, 4, 2]"
182,0.9792,0.72,17.148466,GA,float 32,"[3, 24, 18, 2, 2]"
183,0.9792,0.72,18.001202,GA,float 32,"[3, 24, 8, 2, 2]"
184,0.9774,0.8999999999999999,18.87552,GA,float 32,"[3, 3, 34, 2, 2]"
185,0.9876,-0.12,5.50598,PSO,float 32,"[17, 29, 16, 39, 32]"
186,0.9868,-0.04,6.189677,PSO,float 32,"[38, 29, 11, 42, 6]"
187,0.9868,-0.04,6.24528,PSO,float 32,"[38, 11, 13, 24, 10]"
188,0.9862,0.02,7.4418344,PSO,float 32,"[21, 12, 33, 22, 4]"
189,0.9858,0.06,10.731628,PSO,float 32,"[34, 25, 7, 38, 2]"
190,0.9844,0.2,11.117205,PSO,float 32,"[23, 8, 29, 26, 2]"
191,0.9834,0.3,12.327166,PSO,float 32,"[20, 4, 13, 39, 2]"
192,0.9834,0.3,12.345491,PSO,float 32,"[19, 4, 13, 36, 2]"
193,0.9832,0.32,12.526171,PSO,float 32,"[15, 4, 9, 39, 2]"
194,0.9822,0.42,13.179448,PSO,float 32,"[11, 4, 5, 42, 2]"
195,0.978,0.84,15.486595,PSO,float 32,"[23, 14, 2, 38, 2]"
196,0.977,0.9400000000000001,15.600191,PSO,float 32,"[17, 11, 2, 37, 2]"
197,0.977,0.9400000000000001,15.706818,PSO,float 32,"[16, 13, 2, 41, 2]"
198,0.9874,-0.1,5.269104,BH,float 32,"[46, 35, 23, 18, 14]"
199,0.9872,-0.08,6.7010098,BH,float 32,"[45, 16, 19, 7, 11]"
200,0.9872,-0.08,6.726978,BH,float 32,"[46, 10, 13, 25, 6]"
201,0.9864,0.0,6.953541,BH,float 32,"[7, 7, 45, 34, 13]"
202,0.9864,0.0,8.243948,BH,float 32,"[14, 39, 17, 8, 3]"
203,0.9854,0.1,8.452491,BH,float 32,"[26, 6, 23, 12, 4]"
204,0.9854,0.1,10.214348,BH,float 32,"[26, 27, 26, 18, 2]"
205,0.9854,0.1,10.500474,BH,float 32,"[30, 23, 25, 14, 2]"
206,0.9852,0.12,10.568659,BH,float 32,"[22, 31, 24, 16, 2]"
207,0.985,0.13999999999999999,11.602797,BH,float 32,"[34, 15, 16, 5, 2]"
208,0.9848,0.16,12.261788,BH,float 32,"[28, 10, 7, 6, 2]"
209,0.9846,0.18,12.663666,BH,float 32,"[35, 13, 16, 4, 2]"
210,0.9842,0.22,12.691037,BH,float 32,"[33, 11, 12, 4, 2]"
211,0.9842,0.22,13.296321,BH,float 32,"[31, 5, 16, 4, 2]"
212,0.9826,0.38,15.870549,BH,float 32,"[33, 11, 13, 2, 2]"
213,0.9822,0.42,17.021849,BH,float 32,"[29, 6, 6, 2, 2]"
214,0.982,0.44,17.046247,BH,float 32,"[26, 7, 6, 2, 2]"
215,0.9818,0.45999999999999996,17.084608,BH,float 32,"[23, 7, 7, 2, 2]"
216,0.9802,0.62,18.147495,BH,float 32,"[22, 4, 7, 2, 2]"
217,0.9782,0.8200000000000001,19.185528,BH,float 32,"[24, 4, 4, 2, 2]"
218,0.9876,-0.12,6.2197313,GA,float 32,"[10, 28, 49, 45, 7]"
219,0.9876,-0.12,8.026752,GA,float 32,"[7, 40, 16, 7, 6]"
220,0.9874,-0.1,8.143517,GA,float 32,"[22, 28, 26, 7, 4]"
221,0.9874,-0.1,9.197599,GA,float 32,"[8, 12, 26, 7, 4]"
222,0.9858,0.06,9.260492,GA,float 32,"[7, 20, 10, 7, 4]"
223,0.9854,0.1,10.45029,GA,float 32,"[10, 28, 4, 7, 4]"
224,0.9852,0.12,10.831584,GA,float 32,"[7, 28, 4, 7, 4]"
225,0.9846,0.18,11.173499,GA,float 32,"[7, 14, 4, 7, 4]"
226,0.9846,0.18,11.19305,GA,float 32,"[7, 10, 4, 8, 4]"
227,0.9834,0.3,11.201072,GA,float 32,"[7, 9, 4, 7, 4]"
228,0.9804,0.6,11.9321375,GA,float 32,"[26, 33, 2, 43, 4]"
229,0.9802,0.62,13.725153,GA,float 32,"[8, 50, 2, 7, 4]"
230,0.979,0.74,13.947746,GA,float 32,"[3, 32, 2, 36, 4]"
231,0.9782,0.8200000000000001,14.014096,GA,float 32,"[7, 32, 2, 7, 4]"
232,0.9884,-0.2,6.342747,PSO,float 32,"[17, 25, 26, 18, 8]"
233,0.9866,-0.02,6.4395857,PSO,float 32,"[34, 22, 8, 26, 12]"
234,0.9864,0.0,6.8743773,PSO,float 32,"[7, 26, 22, 9, 10]"
235,0.9864,0.0,7.6584845,PSO,float 32,"[7, 35, 8, 31, 8]"
236,0.9858,0.06,7.7838573,PSO,float 32,"[12, 35, 10, 18, 3]"
237,0.9858,0.06,8.221986,PSO,float 32,"[6, 43, 11, 30, 4]"
238,0.9858,0.06,9.016073,PSO,float 32,"[8, 35, 6, 16, 3]"
239,0.985,0.13999999999999999,10.680827,PSO,float 32,"[9, 31, 18, 18, 2]"
240,0.9844,0.2,11.305907,PSO,float 32,"[5, 34, 14, 20, 2]"
241,0.9824,0.4,12.90037,PSO,float 32,"[3, 26, 6, 18, 2]"
242,0.9792,0.72,14.184282,PSO,float 32,"[3, 26, 2, 22, 4]"
243,0.9782,0.8200000000000001,14.234948,PSO,float 32,"[3, 28, 2, 21, 3]"
244,0.978,0.84,14.239855,PSO,float 32,"[3, 26, 2, 23, 3]"
245,0.9772,0.9199999999999999,15.757537,PSO,float 32,"[10, 31, 2, 17, 2]"
246,0.977,0.9400000000000001,17.466312,PSO,float 32,"[3, 30, 2, 13, 2]"
247,0.9768,0.96,17.485748,PSO,float 32,"[3, 23, 2, 16, 2]"
248,0.9876,-0.12,6.5055037,BH,float 32,"[7, 15, 31, 18, 22]"
249,0.9876,-0.12,6.7926064,BH,float 32,"[10, 11, 32, 44, 7]"
250,0.9868,-0.04,7.2765346,BH,float 32,"[25, 17, 24, 31, 4]"
251,0.9848,0.16,8.1498785,BH,float 32,"[3, 12, 9, 11, 25]"
252,0.9842,0.22,8.179944,BH,float 32,"[3, 11, 5, 34, 21]"
253,0.9836,0.27999999999999997,8.329531,BH,float 32,"[12, 4, 8, 33, 17]"
254,0.9836,0.27999999999999997,9.156058,BH,float 32,"[3, 3, 18, 29, 18]"
255,0.9834,0.3,9.229047,BH,float 32,"[3, 5, 8, 32, 15]"
256,0.9832,0.32,9.42752,BH,float 32,"[3, 3, 20, 31, 15]"
257,0.9832,0.32,9.759511,BH,float 32,"[3, 3, 16, 31, 14]"
258,0.9822,0.42,9.774686,BH,float 32,"[3, 3, 9, 31, 13]"
259,0.9822,0.42,9.99776,BH,float 32,"[3, 3, 8, 32, 19]"
260,0.9806,0.58,11.082639,BH,float 32,"[3, 3, 4, 30, 17]"
261,0.9792,0.72,11.170522,BH,float 32,"[23, 7, 2, 34, 22]"
262,0.9786,0.7799999999999999,12.326991,BH,float 32,"[3, 23, 2, 17, 20]"
263,0.9786,0.7799999999999999,12.619925,BH,float 32,"[3, 27, 2, 15, 21]"
264,0.9786,0.7799999999999999,12.630413,BH,float 32,"[3, 13, 2, 29, 22]"
265,0.9778,0.86,12.66929,BH,float 32,"[3, 11, 2, 25, 19]"
266,0.9772,0.9199999999999999,13.461829,BH,float 32,"[3, 8, 2, 32, 15]"
267,0.9866,-0.02,4.976152,GA,float 32,"[37, 28, 30, 29, 33]"
268,0.9864,0.0,5.1344347,GA,float 32,"[37, 28, 30, 29, 30]"
269,0.9864,0.0,6.740377,GA,float 32,"[17, 17, 29, 11, 6]"
270,0.9856,0.08,7.2105765,GA,float 32,"[5, 28, 7, 29, 17]"
271,0.9852,0.12,7.566132,GA,float 32,"[5, 21, 29, 11, 6]"
272,0.985,0.13999999999999999,10.38737,GA,float 32,"[20, 47, 13, 17, 2]"
273,0.985,0.13999999999999999,12.207475,GA,float 32,"[4, 10, 23, 28, 2]"
274,0.9846,0.18,12.388213,GA,float 32,"[17, 16, 6, 6, 2]"
275,0.982,0.44,12.707195,GA,float 32,"[3, 13, 15, 17, 2]"
276,0.982,0.44,15.459898,GA,float 32,"[24, 14, 37, 2, 2]"
277,0.9804,0.6,16.929216,GA,float 32,"[3, 36, 26, 2, 2]"
278,0.9802,0.62,17.075233,GA,float 32,"[4, 14, 40, 2, 2]"
279,0.9796,0.6799999999999999,17.463812,GA,float 32,"[3, 25, 16, 2, 2]"
280,0.979,0.74,17.78352,GA,float 32,"[3, 36, 8, 2, 2]"
281,0.979,0.74,17.788239,GA,float 32,"[3, 34, 8, 2, 2]"
282,0.9878,-0.13999999999999999,5.8213253,PSO,float 32,"[11, 31, 26, 14, 37]"
283,0.9872,-0.08,6.0692434,PSO,float 32,"[9, 31, 26, 13, 31]"
284,0.9872,-0.08,7.512357,PSO,float 32,"[7, 6, 13, 34, 12]"
285,0.9862,0.02,7.6892977,PSO,float 32,"[10, 23, 21, 24, 4]"
286,0.9858,0.06,11.044853,PSO,float 32,"[7, 23, 26, 22, 2]"
287,0.9854,0.1,11.488763,PSO,float 32,"[11, 21, 6, 23, 2]"
288,0.9848,0.16,11.504601,PSO,float 32,"[5, 25, 14, 32, 2]"
289,0.9846,0.18,12.733654,PSO,float 32,"[4, 18, 6, 27, 2]"
290,0.9814,0.5,13.219789,PSO,float 32,"[3, 15, 5, 30, 2]"
291,0.9798,0.66,13.985973,PSO,float 32,"[3, 17, 4, 30, 2]"
292,0.9782,0.8200000000000001,15.63149,PSO,float 32,"[15, 20, 2, 23, 2]"
293,0.9782,0.8200000000000001,15.747933,PSO,float 32,"[11, 21, 2, 25, 2]"
294,0.978,0.84,16.099926,PSO,float 32,"[8, 20, 2, 28, 2]"
295,0.9776,0.88,16.543184,PSO,float 32,"[6, 16, 2, 28, 2]"
296,0.988,-0.16,5.2757354,BH,float 32,"[17, 20, 17, 29, 35]"
297,0.9874,-0.1,5.7924137,BH,float 32,"[17, 12, 25, 26, 27]"
298,0.987,-0.06,5.8014336,BH,float 32,"[10, 26, 17, 31, 20]"
299,0.987,-0.06,6.3744173,BH,float 32,"[12, 11, 26, 28, 15]"
300,0.9866,-0.02,6.8047123,BH,float 32,"[29, 18, 38, 35, 4]"
301,0.9866,-0.02,6.9631677,BH,float 32,"[11, 13, 20, 29, 7]"
302,0.9864,0.0,6.9673333,BH,float 32,"[12, 15, 25, 30, 5]"
303,0.9864,0.0,7.042964,BH,float 32,"[9, 12, 24, 29, 7]"
304,0.986,0.04,8.077122,BH,float 32,"[10, 12, 21, 29, 3]"
305,0.9858,0.06,11.050556,BH,float 32,"[9, 10, 25, 21, 2]"
306,0.9856,0.08,11.521083,BH,float 32,"[10, 8, 25, 23, 2]"
307,0.985,0.13999999999999999,11.977773,BH,float 32,"[6, 8, 28, 20, 2]"
308,0.9842,0.22,12.066736,BH,float 32,"[5, 7, 25, 23, 2]"
309,0.9838,0.26,12.088139,BH,float 32,"[5, 5, 25, 21, 2]"
310,0.9824,0.4,15.164226,BH,float 32,"[3, 3, 16, 8, 2]"
311,0.982,0.44,15.164523,BH,float 32,"[3, 3, 15, 8, 2]"
312,0.982,0.44,15.166652,BH,float 32,"[3, 3, 16, 7, 2]"
313,0.9818,0.45999999999999996,15.16695,BH,float 32,"[3, 3, 15, 7, 2]"
314,0.9812,0.52,16.229021,BH,float 32,"[3, 3, 16, 4, 2]"
315,0.9804,0.6,16.229618,BH,float 32,"[3, 3, 14, 4, 2]"
316,0.978,0.84,19.409428,BH,float 32,"[3, 3, 14, 2, 2]"
317,0.9774,0.8999999999999999,19.409727,BH,float 32,"[3, 3, 13, 2, 2]"
318,0.987,-0.06,6.7007737,GA,float 32,"[31, 43, 50, 4, 32]"
319,0.986,0.04,7.754279,GA,float 32,"[36, 8, 17, 40, 4]"
320,0.986,0.04,7.8588047,GA,float 32,"[31, 44, 6, 4, 20]"
321,0.9858,0.06,8.068409,GA,float 32,"[29, 8, 18, 31, 4]"
322,0.985,0.13999999999999999,8.533029,GA,float 32,"[49, 8, 8, 37, 4]"
323,0.9844,0.2,10.098564,GA,float 32,"[15, 15, 4, 10, 4]"
324,0.9836,0.27999999999999997,10.245373,GA,float 32,"[10, 8, 4, 47, 4]"
325,0.9834,0.3,10.44647,GA,float 32,"[22, 33, 35, 2, 11]"
326,0.9834,0.3,10.566227,GA,float 32,"[4, 45, 4, 27, 4]"
327,0.9834,0.3,11.271866,GA,float 32,"[6, 39, 44, 2, 11]"
328,0.9832,0.32,11.896157,GA,float 32,"[14, 8, 16, 2, 29]"
329,0.9828,0.36,12.308828,GA,float 32,"[14, 8, 13, 2, 11]"
330,0.9822,0.42,12.811107,GA,float 32,"[45, 8, 4, 21, 2]"
331,0.9822,0.42,13.516847,GA,float 32,"[14, 8, 25, 2, 4]"
332,0.9818,0.45999999999999996,13.517239,GA,float 32,"[14, 8, 23, 2, 4]"
333,0.9818,0.45999999999999996,13.517631,GA,float 32,"[14, 8, 21, 2, 4]"
334,0.9818,0.45999999999999996,15.856829,GA,float 32,"[3, 45, 3, 2, 4]"
335,0.9802,0.62,16.073877,GA,float 32,"[3, 30, 4, 2, 4]"
336,0.98,0.64,16.077194,GA,float 32,"[3, 29, 4, 2, 4]"
337,0.9796,0.6799999999999999,16.104414,GA,float 32,"[3, 21, 4, 2, 4]"
338,0.9792,0.72,16.955729,GA,float 32,"[3, 8, 4, 2, 4]"
339,0.9876,-0.12,4.844143,PSO,float 32,"[30, 29, 43, 18, 38]"
340,0.9876,-0.12,5.3389335,PSO,float 32,"[25, 26, 26, 25, 25]"
341,0.9874,-0.1,5.444954,PSO,float 32,"[43, 28, 17, 11, 28]"
342,0.9874,-0.1,5.98917,PSO,float 32,"[30, 10, 19, 18, 14]"
343,0.9874,-0.1,8.392583,PSO,float 32,"[15, 7, 23, 31, 4]"
344,0.9852,0.12,9.828364,PSO,float 32,"[23, 34, 34, 28, 2]"
345,0.9852,0.12,10.332844,PSO,float 32,"[20, 17, 29, 17, 2]"
346,0.985,0.13999999999999999,11.760205,PSO,float 32,"[6, 8, 27, 35, 2]"
347,0.983,0.33999999999999997,12.021037,PSO,float 32,"[19, 4, 44, 28, 2]"
348,0.9818,0.45999999999999996,13.986361,PSO,float 32,"[3, 3, 25, 26, 2]"
349,0.9816,0.48,13.9881735,PSO,float 32,"[3, 3, 25, 24, 2]"
350,0.9816,0.48,13.988886,PSO,float 32,"[3, 3, 26, 23, 2]"
351,0.9814,0.5,13.989081,PSO,float 32,"[3, 3, 25, 23, 2]"
352,0.9812,0.52,13.991031,PSO,float 32,"[3, 3, 29, 20, 2]"
353,0.9812,0.52,13.991489,PSO,float 32,"[3, 3, 22, 21, 2]"
354,0.9808,0.5599999999999999,13.992205,PSO,float 32,"[3, 3, 23, 20, 2]"
355,0.9878,-0.13999999999999999,7.50049,BH,float 32,"[6, 10, 26, 22, 6]"
356,0.9868,-0.04,7.6011653,BH,float 32,"[8, 15, 17, 7, 15]"
357,0.9866,-0.02,7.8919477,BH,float 32,"[16, 18, 13, 4, 20]"
358,0.9864,0.0,8.010049,BH,float 32,"[7, 15, 14, 8, 13]"
359,0.986,0.04,8.042289,BH,float 32,"[7, 11, 8, 16, 12]"
360,0.985,0.13999999999999999,8.293281,BH,float 32,"[4, 14, 15, 11, 14]"
361,0.9846,0.18,9.959174,BH,float 32,"[4, 11, 10, 4, 10]"
362,0.984,0.24,10.984098,BH,float 32,"[10, 14, 30, 26, 2]"
363,0.9838,0.26,12.474113,BH,float 32,"[9, 10, 6, 2, 13]"
364,0.9826,0.38,13.783643,BH,float 32,"[3, 10, 8, 2, 16]"
365,0.9824,0.4,13.818174,BH,float 32,"[3, 11, 5, 2, 13]"
366,0.981,0.54,14.375809,BH,float 32,"[3, 8, 5, 2, 10]"
367,0.9798,0.66,14.849129,BH,float 32,"[3, 15, 3, 2, 14]"
368,0.9794,0.7000000000000001,14.908516,BH,float 32,"[3, 9, 3, 2, 12]"
369,0.9776,0.88,14.920974,BH,float 32,"[3, 9, 4, 2, 11]"
370,0.977,0.9400000000000001,14.9236765,BH,float 32,"[3, 11, 4, 2, 10]"
371,0.9874,-0.1,5.506811,GA,float 32,"[20, 18, 13, 50, 29]"
372,0.9872,-0.08,6.8468375,GA,float 32,"[23, 39, 17, 36, 4]"
373,0.9868,-0.04,7.443738,GA,float 32,"[23, 8, 11, 8, 21]"
374,0.9866,-0.02,9.363078,GA,float 32,"[11, 22, 36, 4, 4]"
375,0.9864,0.0,9.725045,GA,float 32,"[10, 13, 44, 4, 4]"
376,0.9862,0.02,9.8164215,GA,float 32,"[13, 27, 10, 4, 4]"
377,0.985,0.13999999999999999,9.909715,GA,float 32,"[8, 27, 30, 4, 4]"
378,0.9844,0.2,10.232314,GA,float 32,"[8, 27, 11, 4, 4]"
379,0.9842,0.22,11.856402,GA,float 32,"[3, 22, 5, 4, 4]"
380,0.9822,0.42,12.921131,GA,float 32,"[3, 22, 4, 4, 4]"
381,0.982,0.44,12.930515,GA,float 32,"[3, 10, 20, 2, 16]"
382,0.9816,0.48,12.996168,GA,float 32,"[3, 10, 19, 2, 11]"
383,0.981,0.54,13.300668,GA,float 32,"[3, 13, 9, 2, 11]"
384,0.9794,0.7000000000000001,13.958804,GA,float 32,"[3, 26, 2, 50, 4]"
385,0.9792,0.72,14.263012,GA,float 32,"[3, 49, 2, 15, 4]"
386,0.9792,0.72,14.821669,GA,float 32,"[8, 35, 2, 4, 4]"
387,0.979,0.74,15.02682,GA,float 32,"[8, 27, 2, 4, 4]"
388,0.979,0.74,15.054354,GA,float 32,"[8, 19, 2, 4, 4]"
389,0.9786,0.7799999999999999,16.099812,GA,float 32,"[3, 27, 2, 4, 4]"
390,0.9784,0.8,16.11687,GA,float 32,"[3, 22, 2, 4, 4]"
391,0.9772,0.9199999999999999,16.34387,GA,float 32,"[11, 13, 2, 2, 18]"
392,0.9766,0.98,16.454796,GA,float 32,"[3, 11, 2, 4, 4]"
393,0.9872,-0.08,5.290948,PSO,float 32,"[29, 25, 17, 24, 26]"
394,0.987,-0.06,5.395741,PSO,float 32,"[16, 20, 20, 23, 36]"
395,0.987,-0.06,5.6108327,PSO,float 32,"[25, 29, 13, 28, 30]"
396,0.9868,-0.04,6.5716867,PSO,float 32,"[6, 47, 6, 18, 50]"
397,0.9858,0.06,6.681225,PSO,float 32,"[5, 41, 6, 31, 44]"
398,0.9856,0.08,6.719013,PSO,float 32,"[4, 44, 25, 22, 28]"
399,0.985,0.13999999999999999,7.02396,PSO,float 32,"[4, 37, 11, 27, 32]"
400,0.9848,0.16,7.4835773,PSO,float 32,"[12, 16, 3, 38, 43]"
401,0.9844,0.2,7.596686,PSO,float 32,"[3, 33, 7, 23, 36]"
402,0.984,0.24,7.7494874,PSO,float 32,"[3, 32, 6, 26, 42]"
403,0.984,0.24,8.553097,PSO,float 32,"[14, 13, 4, 37, 8]"
404,0.983,0.33999999999999997,8.837862,PSO,float 32,"[3, 29, 3, 23, 40]"
405,0.9822,0.42,9.586703,PSO,float 32,"[15, 9, 3, 41, 4]"
406,0.9804,0.6,10.677724,PSO,float 32,"[9, 22, 2, 30, 45]"
407,0.9798,0.66,10.743866,PSO,float 32,"[8, 20, 2, 34, 47]"
408,0.9796,0.6799999999999999,10.762388,PSO,float 32,"[15, 25, 2, 30, 20]"
409,0.9796,0.6799999999999999,10.902459,PSO,float 32,"[13, 21, 2, 34, 16]"
410,0.9794,0.7000000000000001,12.319537,PSO,float 32,"[3, 22, 2, 29, 20]"
411,0.9792,0.72,12.338972,PSO,float 32,"[3, 18, 2, 23, 20]"
412,0.979,0.74,13.028401,PSO,float 32,"[3, 12, 2, 23, 9]"
413,0.9788,0.76,13.037655,PSO,float 32,"[3, 10, 2, 25, 9]"
414,0.9786,0.7799999999999999,13.509798,PSO,float 32,"[3, 12, 2, 27, 7]"
415,0.9786,0.7799999999999999,13.512514,PSO,float 32,"[3, 12, 2, 24, 7]"
416,0.9786,0.7799999999999999,13.52449,PSO,float 32,"[3, 10, 2, 23, 7]"
417,0.9784,0.8,13.5254,PSO,float 32,"[3, 10, 2, 22, 7]"
418,0.978,0.84,15.052755,PSO,float 32,"[3, 8, 2, 22, 4]"
419,0.978,0.84,15.054579,PSO,float 32,"[3, 8, 2, 20, 4]"
420,0.977,0.9400000000000001,15.108329,PSO,float 32,"[3, 8, 2, 23, 3]"
421,0.9876,-0.12,5.236968,BH,float 32,"[27, 20, 11, 46, 34]"
422,0.9876,-0.12,5.466438,BH,float 32,"[24, 11, 26, 49, 27]"
423,0.9872,-0.08,5.9194613,BH,float 32,"[9, 10, 26, 46, 28]"
424,0.987,-0.06,6.0993137,BH,float 32,"[21, 25, 11, 28, 11]"
425,0.9868,-0.04,6.5787797,BH,float 32,"[16, 12, 24, 47, 8]"
426,0.9868,-0.04,6.808715,BH,float 32,"[16, 17, 28, 13, 8]"
427,0.9864,0.0,7.153705,BH,float 32,"[16, 8, 20, 43, 6]"
428,0.9856,0.08,7.425917,BH,float 32,"[20, 16, 28, 45, 4]"
429,0.9844,0.2,8.715694,BH,float 32,"[3, 8, 5, 43, 18]"
430,0.9838,0.26,9.759338,BH,float 32,"[3, 3, 6, 48, 22]"
431,0.9838,0.26,9.765693,BH,float 32,"[3, 3, 6, 38, 22]"
432,0.9808,0.5599999999999999,10.840646,BH,float 32,"[3, 3, 4, 48, 20]"
433,0.9806,0.58,11.8166275,BH,float 32,"[8, 8, 2, 45, 29]"
434,0.9778,0.86,12.366922,BH,float 32,"[3, 11, 2, 43, 30]"
435,0.9778,0.86,12.896823,BH,float 32,"[3, 8, 2, 45, 28]"
436,0.9872,-0.08,6.6587167,GA,float 32,"[37, 38, 26, 4, 40]"
437,0.987,-0.06,7.3798957,GA,float 32,"[27, 45, 26, 10, 3]"
438,0.9868,-0.04,9.801886,GA,float 32,"[7, 24, 6, 4, 8]"
439,0.9858,0.06,9.9782915,GA,float 32,"[7, 27, 18, 4, 4]"
440,0.9856,0.08,10.1806755,GA,float 32,"[7, 6, 6, 4, 12]"
441,0.9854,0.1,11.420488,GA,float 32,"[27, 5, 19, 15, 2]"
442,0.9852,0.12,11.9213295,GA,float 32,"[7, 20, 4, 4, 4]"
443,0.9836,0.27999999999999997,11.987681,GA,float 32,"[4, 11, 29, 39, 2]"
444,0.9826,0.38,15.300973,GA,float 32,"[26, 30, 18, 2, 2]"
445,0.9812,0.52,16.276226,GA,float 32,"[5, 30, 18, 2, 2]"
446,0.9808,0.5599999999999999,16.30329,GA,float 32,"[5, 22, 18, 2, 2]"
447,0.9808,0.5599999999999999,16.51973,GA,float 32,"[4, 40, 41, 2, 2]"
448,0.9804,0.6,16.719954,GA,float 32,"[4, 32, 41, 2, 2]"
449,0.98,0.64,16.827717,GA,float 32,"[46, 4, 39, 2, 2]"
450,0.9796,0.6799999999999999,17.652102,GA,float 32,"[20, 14, 4, 2, 2]"
451,0.9782,0.8200000000000001,18.205246,GA,float 32,"[5, 27, 4, 2, 2]"
452,0.9772,0.9199999999999999,18.842808,GA,float 32,"[3, 39, 4, 2, 2]"
453,0.9768,0.96,18.902145,GA,float 32,"[4, 18, 4, 2, 2]"
454,0.9878,-0.13999999999999999,5.344355,PSO,float 32,"[22, 31, 17, 31, 27]"
455,0.9872,-0.08,5.366636,PSO,float 32,"[25, 29, 25, 18, 21]"
456,0.9872,-0.08,5.633375,PSO,float 32,"[10, 36, 11, 30, 42]"
457,0.9872,-0.08,6.539464,PSO,float 32,"[6, 16, 24, 23, 26]"
458,0.9866,-0.02,6.587129,PSO,float 32,"[6, 11, 27, 25, 23]"
459,0.9862,0.02,7.046116,PSO,float 32,"[7, 7, 21, 20, 23]"
460,0.9858,0.06,7.807685,PSO,float 32,"[12, 14, 6, 8, 17]"
461,0.9852,0.12,8.03344,PSO,float 32,"[3, 17, 5, 25, 26]"
462,0.9846,0.18,8.864037,PSO,float 32,"[3, 8, 7, 23, 27]"
463,0.984,0.24,9.227527,PSO,float 32,"[3, 12, 4, 23, 33]"
464,0.984,0.24,9.978743,PSO,float 32,"[3, 5, 3, 19, 25]"
465,0.9816,0.48,10.327903,PSO,float 32,"[3, 3, 7, 14, 19]"
466,0.9806,0.58,11.292924,PSO,float 32,"[7, 18, 2, 23, 25]"
467,0.9804,0.6,11.568717,PSO,float 32,"[8, 11, 2, 20, 23]"
468,0.98,0.64,11.623955,PSO,float 32,"[7, 13, 2, 20, 23]"
469,0.9794,0.7000000000000001,12.235877,PSO,float 32,"[8, 10, 2, 12, 13]"
470,0.9794,0.7000000000000001,12.654204,PSO,float 32,"[3, 10, 2, 21, 22]"
471,0.9788,0.76,12.976096,PSO,float 32,"[3, 12, 2, 16, 20]"
472,0.9784,0.8,13.108307,PSO,float 32,"[3, 8, 2, 26, 29]"
473,0.978,0.84,13.159483,PSO,float 32,"[3, 8, 2, 19, 23]"
474,0.9778,0.86,13.527663,PSO,float 32,"[3, 8, 2, 13, 17]"
475,0.9878,-0.13999999999999999,5.2346563,BH,float 32,"[30, 24, 26, 29, 32]"
476,0.9878,-0.13999999999999999,5.356724,BH,float 32,"[23, 18, 22, 18, 31]"
477,0.9876,-0.12,5.926693,BH,float 32,"[17, 11, 23, 11, 37]"
478,0.9872,-0.08,6.020392,BH,float 32,"[30, 17, 18, 14, 11]"
479,0.987,-0.06,6.8286934,BH,float 32,"[26, 25, 33, 4, 36]"
480,0.9862,0.02,7.0592723,BH,float 32,"[23, 26, 33, 4, 27]"
481,0.9844,0.2,7.4893045,BH,float 32,"[14, 41, 9, 36, 3]"
482,0.984,0.24,10.076453,BH,float 32,"[14, 46, 38, 21, 2]"
483,0.9836,0.27999999999999997,10.618763,BH,float 32,"[48, 46, 5, 32, 2]"
484,0.983,0.33999999999999997,10.999111,BH,float 32,"[15, 13, 28, 2, 32]"
485,0.9822,0.42,11.397062,BH,float 32,"[15, 6, 27, 2, 34]"
486,0.9822,0.42,11.5457735,BH,float 32,"[15, 6, 31, 2, 32]"
487,0.9812,0.52,12.115181,BH,float 32,"[26, 4, 30, 2, 42]"
488,0.981,0.54,12.379631,BH,float 32,"[15, 4, 34, 2, 31]"
489,0.9806,0.58,12.763449,BH,float 32,"[10, 4, 32, 2, 29]"
490,0.9784,0.8,14.196189,BH,float 32,"[3, 3, 26, 2, 26]"
491,0.9874,-0.1,5.1110663,GA,float 32,"[36, 50, 13, 47, 17]"
492,0.9866,-0.02,5.9781265,GA,float 32,"[7, 25, 38, 32, 19]"
493,0.9864,0.0,6.924409,GA,float 32,"[18, 36, 38, 32, 4]"
494,0.9862,0.02,7.1386786,GA,float 32,"[18, 25, 38, 32, 4]"
495,0.9862,0.02,7.1803102,GA,float 32,"[25, 46, 11, 37, 3]"
496,0.986,0.04,7.841172,GA,float 32,"[7, 25, 44, 32, 4]"
497,0.9854,0.1,7.89849,GA,float 32,"[7, 25, 38, 32, 3]"
498,0.985,0.13999999999999999,8.441679,GA,float 32,"[7, 25, 12, 23, 3]"
499,0.9846,0.18,9.936314,GA,float 32,"[44, 12, 37, 46, 2]"
500,0.9838,0.26,12.244776,GA,float 32,"[27, 33, 10, 3, 2]"
501,0.9824,0.4,13.404823,GA,float 32,"[11, 4, 29, 5, 2]"
502,0.9822,0.42,16.085012,GA,float 32,"[3, 27, 3, 2, 4]"
503,0.9806,0.58,18.850931,GA,float 32,"[3, 36, 3, 2, 2]"
504,0.9804,0.6,19.045134,GA,float 32,"[3, 31, 3, 2, 2]"
505,0.98,0.64,19.058435,GA,float 32,"[3, 27, 3, 2, 2]"
506,0.9796,0.6799999999999999,19.0895,GA,float 32,"[3, 18, 3, 2, 2]"
507,0.9876,-0.12,6.58669,PSO,float 32,"[6, 10, 32, 22, 24]"
508,0.9874,-0.1,6.959424,PSO,float 32,"[6, 12, 20, 11, 17]"
509,0.9866,-0.02,7.0878916,PSO,float 32,"[10, 16, 16, 15, 13]"
510,0.9864,0.0,8.066075,PSO,float 32,"[33, 8, 25, 4, 17]"
511,0.9844,0.2,8.103015,PSO,float 32,"[10, 9, 26, 3, 19]"
512,0.984,0.24,11.052847,PSO,float 32,"[15, 11, 29, 2, 26]"
513,0.9828,0.36,12.128297,PSO,float 32,"[7, 6, 29, 2, 26]"
514,0.981,0.54,13.553564,PSO,float 32,"[3, 8, 16, 12, 2]"
515,0.9796,0.6799999999999999,16.763,PSO,float 32,"[3, 3, 8, 4, 2]"
516,0.9774,0.8999999999999999,19.409727,PSO,float 32,"[3, 3, 13, 2, 2]"
517,0.9772,0.9199999999999999,19.94281,PSO,float 32,"[3, 3, 8, 2, 2]"
518,0.9766,0.98,19.943327,PSO,float 32,"[3, 3, 7, 2, 2]"
519,0.9872,-0.08,5.243212,BH,float 32,"[25, 39, 34, 11, 24]"
520,0.987,-0.06,6.328379,BH,float 32,"[23, 15, 6, 17, 40]"
521,0.9866,-0.02,6.686612,BH,float 32,"[18, 18, 6, 16, 20]"
522,0.9864,0.0,6.914768,BH,float 32,"[21, 10, 13, 8, 27]"
523,0.9862,0.02,7.683785,BH,float 32,"[17, 31, 26, 4, 16]"
524,0.986,0.04,7.748789,BH,float 32,"[19, 14, 20, 4, 17]"
525,0.9854,0.1,8.489299,BH,float 32,"[4, 15, 6, 10, 24]"
526,0.9852,0.12,9.246462,BH,float 32,"[9, 8, 10, 4, 15]"
527,0.9832,0.32,11.733332,BH,float 32,"[20, 11, 7, 2, 23]"
528,0.9826,0.38,12.973416,BH,float 32,"[5, 12, 6, 2, 12]"
529,0.9824,0.4,13.757818,BH,float 32,"[3, 15, 5, 2, 16]"
530,0.9808,0.5599999999999999,15.480005,BH,float 32,"[3, 10, 3, 2, 5]"
531,0.988,-0.16,5.712589,GA,float 32,"[28, 15, 26, 11, 44]"
532,0.9866,-0.02,6.746022,GA,float 32,"[7, 42, 21, 7, 30]"
533,0.9858,0.06,7.3070397,GA,float 32,"[11, 7, 37, 8, 18]"
534,0.9854,0.1,10.621284,GA,float 32,"[19, 28, 16, 29, 2]"
535,0.9854,0.1,11.795981,GA,float 32,"[11, 25, 7, 14, 2]"
536,0.9842,0.22,12.30028,GA,float 32,"[6, 7, 15, 29, 2]"
537,0.984,0.24,13.180989,GA,float 32,"[11, 36, 4, 8, 2]"
538,0.9836,0.27999999999999997,13.74348,GA,float 32,"[11, 11, 4, 8, 2]"
539,0.9826,0.38,14.299199,GA,float 32,"[5, 14, 4, 8, 2]"
540,0.9826,0.38,15.490528,GA,float 32,"[40, 13, 20, 2, 2]"
541,0.9818,0.45999999999999996,16.043018,GA,float 32,"[11, 24, 16, 2, 2]"
542,0.981,0.54,16.767323,GA,float 32,"[4, 18, 43, 2, 2]"
543,0.9806,0.58,18.850931,GA,float 32,"[3, 36, 3, 2, 2]"
544,0.9804,0.6,19.075495,GA,float 32,"[3, 22, 3, 2, 2]"
545,0.978,0.84,19.38624,GA,float 32,"[3, 16, 3, 2, 2]"
546,0.977,0.9400000000000001,19.424568,GA,float 32,"[3, 9, 3, 2, 2]"
547,0.9878,-0.13999999999999999,6.1227202,PSO,float 32,"[21, 13, 26, 14, 17]"
548,0.9872,-0.08,6.367259,PSO,float 32,"[21, 15, 26, 12, 16]"
549,0.9868,-0.04,6.4156227,PSO,float 32,"[35, 18, 12, 26, 8]"
550,0.9866,-0.02,7.1109805,PSO,float 32,"[25, 18, 6, 32, 7]"
551,0.9862,0.02,7.3002276,PSO,float 32,"[39, 8, 6, 28, 9]"
552,0.9852,0.12,8.349027,PSO,float 32,"[41, 4, 11, 27, 5]"
553,0.985,0.13999999999999999,11.743523,PSO,float 32,"[45, 8, 7, 23, 2]"
554,0.9838,0.26,11.747602,PSO,float 32,"[47, 6, 6, 29, 2]"
555,0.981,0.54,12.279072,PSO,float 32,"[48, 11, 3, 22, 2]"
556,0.9802,0.62,12.339324,PSO,float 32,"[37, 11, 3, 26, 2]"
557,0.979,0.74,13.034163,PSO,float 32,"[46, 7, 2, 25, 4]"
558,0.9778,0.86,15.457255,PSO,float 32,"[48, 14, 2, 22, 2]"
559,0.9778,0.86,15.477175,PSO,float 32,"[45, 13, 2, 23, 2]"
560,0.9778,0.86,15.521138,PSO,float 32,"[37, 14, 2, 22, 2]"
561,0.977,0.9400000000000001,16.002304,PSO,float 32,"[45, 8, 2, 26, 2]"
562,0.9766,0.98,16.05777,PSO,float 32,"[36, 8, 2, 26, 2]"
563,0.9876,-0.12,5.0313473,BH,float 16,"[38, 37, 17, 36, 25]"
564,0.9876,-0.12,6.301376,BH,float 16,"[31, 15, 26, 21, 9]"
565,0.987,-0.06,7.8738737,BH,float 16,"[30, 29, 17, 4, 12]"
566,0.9856,0.08,8.165323,BH,float 16,"[32, 25, 10, 4, 14]"
567,0.9848,0.16,11.090703,BH,float 16,"[30, 11, 17, 2, 18]"
568,0.9844,0.2,11.153403,BH,float 16,"[25, 11, 17, 2, 17]"
569,0.9842,0.22,11.474478,BH,float 16,"[24, 11, 16, 2, 19]"
570,0.9836,0.27999999999999997,11.521592,BH,float 16,"[22, 11, 29, 2, 10]"
571,0.9836,0.27999999999999997,11.654019,BH,float 16,"[27, 7, 21, 2, 18]"
572,0.9828,0.36,12.044297,BH,float 16,"[21, 8, 25, 2, 12]"
573,0.9826,0.38,12.062938,BH,float 16,"[21, 6, 30, 2, 11]"
574,0.9818,0.45999999999999996,13.034448,BH,float 16,"[26, 4, 23, 2, 13]"
575,0.9816,0.48,16.736979,BH,float 16,"[16, 6, 34, 2, 2]"
576,0.9814,0.5,16.754726,BH,float 16,"[15, 7, 34, 2, 2]"
577,0.9806,0.58,16.78441,BH,float 16,"[14, 6, 34, 2, 2]"
578,0.9806,0.58,16.997154,BH,float 16,"[14, 6, 30, 2, 2]"
579,0.9798,0.66,17.837036,BH,float 16,"[14, 4, 34, 2, 2]"
580,0.979,0.74,17.888905,BH,float 16,"[12, 4, 35, 2, 2]"
581,0.9872,-0.08,6.1523137,GA,float 16,"[15, 22, 33, 18, 9]"
582,0.9868,-0.04,6.2307954,GA,float 16,"[15, 50, 33, 12, 9]"
583,0.986,0.04,6.8208337,GA,float 16,"[13, 16, 43, 11, 11]"
584,0.9858,0.06,7.8678284,GA,float 16,"[7, 43, 6, 50, 6]"
585,0.9856,0.08,11.673122,GA,float 16,"[7, 26, 36, 16, 2]"
586,0.9848,0.16,12.746053,GA,float 16,"[7, 16, 8, 21, 2]"
587,0.9836,0.27999999999999997,12.824672,GA,float 16,"[4, 16, 29, 23, 2]"
588,0.9834,0.3,13.461938,GA,float 16,"[4, 37, 12, 8, 2]"
589,0.9828,0.36,16.794163,GA,float 16,"[7, 14, 41, 2, 2]"
590,0.9824,0.4,16.843529,GA,float 16,"[6, 16, 39, 2, 2]"
591,0.9822,0.42,17.03006,GA,float 16,"[20, 16, 6, 2, 2]"
592,0.9822,0.42,17.322062,GA,float 16,"[7, 16, 15, 2, 2]"
593,0.9818,0.45999999999999996,17.322725,GA,float 16,"[7, 16, 11, 2, 2]"
594,0.9818,0.45999999999999996,17.328497,GA,float 16,"[7, 14, 14, 2, 2]"
595,0.9814,0.5,17.721884,GA,float 16,"[4, 16, 41, 2, 2]"
596,0.9812,0.52,17.935976,GA,float 16,"[4, 16, 23, 2, 2]"
597,0.9812,0.52,17.936312,GA,float 16,"[4, 16, 20, 2, 2]"
598,0.981,0.54,18.278215,GA,float 16,"[4, 9, 15, 2, 2]"
599,0.9796,0.6799999999999999,18.92216,GA,float 16,"[7, 16, 4, 2, 2]"
600,0.9776,0.88,19.85615,GA,float 16,"[4, 16, 4, 2, 2]"
601,0.977,0.9400000000000001,19.875109,GA,float 16,"[4, 10, 4, 2, 2]"
602,0.988,-0.16,5.326868,PSO,float 16,"[19, 35, 17, 22, 33]"
603,0.9876,-0.12,5.6593037,PSO,float 16,"[23, 26, 26, 26, 30]"
604,0.9874,-0.1,5.947051,PSO,float 16,"[15, 31, 19, 18, 29]"
605,0.9872,-0.08,7.204463,PSO,float 16,"[15, 15, 23, 23, 6]"
606,0.9868,-0.04,7.511857,PSO,float 16,"[16, 12, 15, 21, 6]"
607,0.9866,-0.02,7.733486,PSO,float 16,"[12, 28, 34, 4, 29]"
608,0.9854,0.1,11.624113,PSO,float 16,"[19, 8, 19, 18, 2]"
609,0.9822,0.42,12.487851,PSO,float 16,"[3, 23, 38, 2, 32]"
610,0.982,0.44,12.496451,PSO,float 16,"[3, 26, 34, 2, 29]"
611,0.982,0.44,13.083,PSO,float 16,"[3, 23, 26, 2, 13]"
612,0.982,0.44,13.083112,PSO,float 16,"[3, 23, 25, 2, 13]"
613,0.982,0.44,13.105835,PSO,float 16,"[3, 20, 26, 2, 11]"
614,0.9818,0.45999999999999996,13.618341,PSO,float 16,"[3, 19, 25, 2, 8]"
615,0.9812,0.52,13.632862,PSO,float 16,"[3, 19, 24, 2, 7]"
616,0.981,0.54,13.662309,PSO,float 16,"[3, 19, 24, 2, 5]"
617,0.981,0.54,13.664634,PSO,float 16,"[3, 18, 22, 2, 5]"
618,0.9804,0.6,14.67696,PSO,float 16,"[3, 18, 25, 2, 4]"
619,0.9798,0.66,14.677183,PSO,float 16,"[3, 18, 23, 2, 4]"
620,0.9874,-0.1,5.282195,BH,float 16,"[21, 33, 26, 28, 37]"
621,0.9872,-0.08,6.0574245,BH,float 16,"[11, 18, 26, 28, 32]"
622,0.9866,-0.02,6.865856,BH,float 16,"[7, 14, 22, 30, 28]"
623,0.9866,-0.02,7.40899,BH,float 16,"[7, 8, 25, 32, 26]"
624,0.9862,0.02,7.5102,BH,float 16,"[6, 8, 25, 24, 18]"
625,0.986,0.04,8.821078,BH,float 16,"[3, 12, 5, 32, 22]"
626,0.9836,0.27999999999999997,10.215078,BH,float 16,"[3, 3, 6, 33, 22]"
627,0.9828,0.36,10.437829,BH,float 16,"[3, 3, 6, 26, 20]"
628,0.9824,0.4,10.758192,BH,float 16,"[3, 3, 8, 27, 13]"
629,0.9824,0.4,10.759758,BH,float 16,"[3, 3, 8, 24, 13]"
630,0.9812,0.52,11.817072,BH,float 16,"[3, 3, 4, 26, 14]"
631,0.9796,0.6799999999999999,11.859315,BH,float 16,"[3, 3, 4, 25, 9]"
632,0.9792,0.72,12.853798,BH,float 16,"[3, 12, 2, 31, 36]"
633,0.979,0.74,12.874721,BH,float 16,"[3, 12, 2, 35, 22]"
634,0.9788,0.76,13.118082,BH,float 16,"[3, 10, 2, 31, 17]"
635,0.9782,0.8200000000000001,13.623876,BH,float 16,"[3, 8, 2, 31, 20]"
636,0.977,0.9400000000000001,13.6355915,BH,float 16,"[3, 8, 2, 29, 18]"
637,0.987,-0.06,5.5432415,GA,float 16,"[16, 20, 23, 35, 33]"
638,0.9866,-0.02,5.7515903,GA,float 16,"[30, 50, 23, 21, 9]"
639,0.9862,0.02,10.836244,GA,float 16,"[45, 48, 7, 38, 2]"
640,0.985,0.13999999999999999,11.733404,GA,float 16,"[6, 22, 13, 44, 2]"
641,0.985,0.13999999999999999,12.554546,GA,float 16,"[28, 28, 25, 4, 2]"
642,0.9848,0.16,13.027351,GA,float 16,"[18, 19, 13, 4, 2]"
643,0.9846,0.18,13.319145,GA,float 16,"[12, 19, 13, 4, 2]"
644,0.983,0.33999999999999997,14.896233,GA,float 16,"[21, 4, 13, 4, 2]"
645,0.9824,0.4,16.073248,GA,float 16,"[28, 24, 13, 2, 2]"
646,0.9824,0.4,16.13414,GA,float 16,"[24, 12, 17, 2, 2]"
647,0.9806,0.58,19.657759,GA,float 16,"[3, 29, 3, 2, 2]"
648,0.9804,0.6,19.674208,GA,float 16,"[3, 21, 3, 2, 2]"
649,0.9768,0.96,20.545132,GA,float 16,"[3, 5, 3, 2, 2]"
650,0.9874,-0.1,6.0847015,PSO,float 16,"[27, 15, 26, 43, 14]"
651,0.987,-0.06,6.355774,PSO,float 16,"[23, 15, 13, 30, 20]"
652,0.9868,-0.04,6.7047586,PSO,float 16,"[6, 26, 19, 14, 39]"
653,0.9866,-0.02,8.539278,PSO,float 16,"[7, 31, 10, 4, 45]"
654,0.9852,0.12,8.705013,PSO,float 16,"[4, 14, 17, 8, 19]"
655,0.985,0.13999999999999999,8.840257,PSO,float 16,"[3, 18, 5, 18, 13]"
656,0.984,0.24,9.904493,PSO,float 16,"[4, 9, 33, 14, 3]"
657,0.984,0.24,11.749805,PSO,float 16,"[7, 27, 14, 2, 41]"
658,0.983,0.33999999999999997,11.777021,PSO,float 16,"[6, 19, 19, 2, 17]"
659,0.983,0.33999999999999997,14.838802,PSO,float 16,"[3, 12, 6, 2, 5]"
660,0.9824,0.4,15.324026,PSO,float 16,"[3, 10, 13, 2, 4]"
661,0.9818,0.45999999999999996,15.367055,PSO,float 16,"[3, 8, 6, 2, 5]"
662,0.9808,0.5599999999999999,15.861041,PSO,float 16,"[3, 9, 6, 2, 4]"
663,0.979,0.74,16.435104,PSO,float 16,"[3, 5, 3, 2, 6]"
664,0.9786,0.7799999999999999,20.528809,PSO,float 16,"[3, 8, 3, 2, 2]"
665,0.9772,0.9199999999999999,20.536863,PSO,float 16,"[3, 3, 8, 2, 2]"
666,0.988,-0.16,5.725127,BH,float 16,"[30, 10, 34, 18, 27]"
667,0.9872,-0.08,5.979884,BH,float 16,"[28, 13, 24, 21, 21]"
668,0.987,-0.06,6.375134,BH,float 16,"[38, 20, 26, 24, 6]"
669,0.9868,-0.04,6.6390476,BH,float 16,"[15, 14, 19, 17, 15]"
670,0.9868,-0.04,7.549487,BH,float 16,"[24, 8, 43, 12, 6]"
671,0.9854,0.1,7.8276944,BH,float 16,"[12, 14, 47, 4, 49]"
672,0.985,0.13999999999999999,11.581149,BH,float 16,"[31, 13, 44, 7, 2]"
673,0.9844,0.2,12.748266,BH,float 16,"[23, 10, 49, 4, 2]"
674,0.9842,0.22,13.55128,BH,float 16,"[16, 5, 50, 4, 2]"
675,0.9828,0.36,15.897504,BH,float 16,"[26, 11, 44, 2, 2]"
676,0.9828,0.36,15.906201,BH,float 16,"[25, 12, 48, 2, 2]"
677,0.9826,0.38,15.909219,BH,float 16,"[25, 11, 50, 2, 2]"
678,0.9826,0.38,15.935271,BH,float 16,"[23, 11, 45, 2, 2]"
679,0.9824,0.4,15.938059,BH,float 16,"[23, 10, 50, 2, 2]"
680,0.9822,0.42,16.507439,BH,float 16,"[20, 7, 48, 2, 2]"
681,0.9816,0.48,16.527714,BH,float 16,"[19, 6, 50, 2, 2]"
682,0.9814,0.5,16.862936,BH,float 16,"[11, 6, 50, 2, 2]"
683,0.9806,0.58,17.811499,BH,float 16,"[15, 4, 50, 2, 2]"
684,0.9802,0.62,18.391487,BH,float 16,"[7, 4, 50, 2, 2]"
685,0.9794,0.7000000000000001,18.44696,BH,float 16,"[6, 4, 50, 2, 2]"
686,0.9794,0.7000000000000001,18.5063,BH,float 16,"[5, 4, 50, 2, 2]"
687,0.9776,0.88,19.468388,BH,float 16,"[3, 3, 50, 2, 2]"
688,0.9774,0.8999999999999999,19.468712,BH,float 16,"[3, 3, 46, 2, 2]"
689,0.9774,0.8999999999999999,19.469278,BH,float 16,"[3, 3, 39, 2, 2]"
690,0.9868,-0.04,5.6598926,GA,float 16,"[10, 48, 29, 17, 37]"
691,0.9868,-0.04,6.6976733,GA,float 16,"[8, 41, 7, 45, 37]"
692,0.9866,-0.02,8.124397,GA,float 16,"[11, 13, 19, 45, 4]"
693,0.9848,0.16,8.604457,GA,float 16,"[34, 22, 5, 14, 4]"
694,0.9848,0.16,10.176657,GA,float 16,"[3, 31, 5, 43, 4]"
695,0.9842,0.22,10.424202,GA,float 16,"[3, 17, 5, 21, 4]"
696,0.9842,0.22,10.717863,GA,float 16,"[3, 29, 5, 16, 4]"
697,0.9834,0.3,11.274252,GA,float 16,"[3, 7, 5, 24, 4]"
698,0.9832,0.32,11.277396,GA,float 16,"[3, 7, 5, 18, 4]"
699,0.983,0.33999999999999997,11.491118,GA,float 16,"[3, 3, 18, 22, 4]"
700,0.983,0.33999999999999997,15.858116,GA,float 16,"[3, 10, 5, 2, 4]"
701,0.9808,0.5599999999999999,15.861321,GA,float 16,"[3, 9, 5, 2, 4]"
702,0.9792,0.72,16.38541,GA,float 16,"[3, 7, 5, 2, 4]"
703,0.978,0.84,16.920914,GA,float 16,"[3, 3, 14, 2, 4]"
704,0.9872,-0.08,5.6253257,PSO,float 16,"[47, 10, 36, 13, 40]"
705,0.987,-0.06,7.165875,PSO,float 16,"[25, 14, 13, 8, 25]"
706,0.9868,-0.04,7.6196785,PSO,float 16,"[29, 27, 14, 4, 41]"
707,0.9866,-0.02,7.623923,PSO,float 16,"[4, 22, 41, 18, 14]"
708,0.9862,0.02,8.304582,PSO,float 16,"[22, 40, 21, 4, 6]"
709,0.9844,0.2,8.693833,PSO,float 16,"[9, 13, 4, 13, 29]"
710,0.9836,0.27999999999999997,11.356424,PSO,float 16,"[21, 44, 25, 8, 2]"
711,0.983,0.33999999999999997,11.4692,PSO,float 16,"[22, 21, 6, 2, 33]"
712,0.9828,0.36,11.476227,PSO,float 16,"[13, 23, 13, 2, 22]"
713,0.9828,0.36,11.916283,PSO,float 16,"[9, 17, 6, 2, 33]"
714,0.9824,0.4,12.036323,PSO,float 16,"[19, 16, 8, 2, 24]"
715,0.9822,0.42,12.117562,PSO,float 16,"[17, 7, 15, 2, 17]"
716,0.9816,0.48,12.470923,PSO,float 16,"[8, 17, 5, 2, 28]"
717,0.9812,0.52,13.322022,PSO,float 16,"[15, 15, 4, 2, 27]"
718,0.9788,0.76,13.696969,PSO,float 16,"[5, 18, 3, 2, 29]"
719,0.9876,-0.12,5.561193,BH,float 16,"[27, 10, 50, 19, 33]"
720,0.9876,-0.12,6.560345,BH,float 16,"[10, 10, 34, 11, 25]"
721,0.987,-0.06,6.7712374,BH,float 16,"[6, 11, 20, 36, 18]"
722,0.9866,-0.02,6.9270096,BH,float 16,"[7, 11, 30, 28, 18]"
723,0.9864,0.0,6.9790154,BH,float 16,"[6, 22, 10, 26, 17]"
724,0.9862,0.02,7.0737724,BH,float 16,"[18, 13, 43, 13, 8]"
725,0.986,0.04,7.341218,BH,float 16,"[7, 16, 44, 13, 12]"
726,0.986,0.04,7.8089128,BH,float 16,"[4, 13, 18, 29, 27]"
727,0.986,0.04,8.38767,BH,float 16,"[7, 12, 50, 4, 34]"
728,0.9846,0.18,8.603673,BH,float 16,"[3, 12, 33, 7, 24]"
729,0.9844,0.2,10.167366,BH,float 16,"[32, 33, 30, 46, 2]"
730,0.9836,0.27999999999999997,11.63246,BH,float 16,"[6, 10, 49, 2, 36]"
731,0.9834,0.3,11.636922,BH,float 16,"[6, 11, 41, 2, 34]"
732,0.9834,0.3,11.71905,BH,float 16,"[8, 11, 35, 2, 29]"
733,0.983,0.33999999999999997,11.754673,BH,float 16,"[7, 13, 39, 2, 31]"
734,0.9826,0.38,13.06564,BH,float 16,"[3, 12, 31, 2, 25]"
735,0.9816,0.48,13.080904,BH,float 16,"[3, 12, 32, 2, 22]"
736,0.9816,0.48,13.391138,BH,float 16,"[3, 8, 38, 2, 23]"
737,0.9814,0.5,13.583868,BH,float 16,"[3, 8, 31, 2, 27]"
738,0.981,0.54,13.589192,BH,float 16,"[3, 8, 28, 2, 26]"
739,0.9796,0.6799999999999999,13.590789,BH,float 16,"[3, 5, 27, 2, 29]"
740,0.9792,0.72,13.687215,BH,float 16,"[5, 4, 30, 2, 29]"
741,0.9786,0.7799999999999999,14.706268,BH,float 16,"[3, 3, 25, 2, 18]"
742,0.978,0.84,15.00888,BH,float 16,"[3, 3, 25, 2, 14]"
743,0.9778,0.86,15.016816,BH,float 16,"[3, 3, 27, 2, 13]"
744,0.987,-0.06,7.354167,GA,float 16,"[7, 11, 41, 34, 7]"
745,0.9868,-0.04,8.631957,GA,float 16,"[7, 11, 8, 31, 7]"
746,0.9854,0.1,12.433098,GA,float 16,"[7, 19, 7, 28, 2]"
747,0.9848,0.16,12.62368,GA,float 16,"[4, 11, 18, 44, 2]"
748,0.9842,0.22,13.607533,GA,float 16,"[7, 14, 36, 3, 2]"
749,0.9842,0.22,13.82033,GA,float 16,"[7, 14, 31, 3, 2]"
750,0.9834,0.3,14.54997,GA,float 16,"[4, 11, 49, 3, 2]"
751,0.9834,0.3,14.550698,GA,float 16,"[4, 11, 40, 3, 2]"
752,0.983,0.33999999999999997,14.76393,GA,float 16,"[4, 11, 30, 3, 2]"
753,0.983,0.33999999999999997,14.76538,GA,float 16,"[4, 11, 17, 3, 2]"
754,0.9826,0.38,15.078606,GA,float 16,"[4, 13, 14, 3, 2]"
755,0.9814,0.5,15.61202,GA,float 16,"[4, 13, 8, 3, 2]"
756,0.9814,0.5,15.618365,GA,float 16,"[4, 11, 8, 3, 2]"
757,0.9782,0.8200000000000001,15.889326,GA,float 16,"[3, 11, 2, 3, 7]"
758,0.9778,0.86,15.893786,GA,float 16,"[26, 13, 2, 47, 2]"
759,0.9776,0.88,16.481077,GA,float 16,"[7, 19, 2, 46, 2]"
760,0.9776,0.88,16.805298,GA,float 16,"[7, 11, 2, 49, 2]"
761,0.977,0.9400000000000001,17.02516,GA,float 16,"[7, 11, 2, 23, 2]"
762,0.987,-0.06,6.6395483,PSO,float 16,"[43, 18, 21, 14, 8]"
763,0.9864,0.0,6.7350616,PSO,float 16,"[43, 10, 13, 14, 16]"
764,0.986,0.04,6.9399323,PSO,float 16,"[27, 8, 43, 13, 15]"
765,0.9856,0.08,6.9420385,PSO,float 16,"[16, 12, 15, 32, 14]"
766,0.9856,0.08,6.9474597,PSO,float 16,"[20, 8, 11, 28, 18]"
767,0.985,0.13999999999999999,9.344223,PSO,float 16,"[23, 30, 6, 3, 7]"
768,0.9818,0.45999999999999996,9.502362,PSO,float 16,"[11, 4, 4, 37, 34]"
769,0.9816,0.48,9.634117,PSO,float 16,"[39, 4, 4, 13, 23]"
770,0.9808,0.5599999999999999,10.765381,PSO,float 16,"[27, 18, 2, 24, 26]"
771,0.9806,0.58,11.043638,PSO,float 16,"[28, 13, 2, 20, 32]"
772,0.9804,0.6,11.122443,PSO,float 16,"[27, 18, 2, 15, 19]"
773,0.98,0.64,11.249298,PSO,float 16,"[41, 13, 2, 14, 18]"
774,0.9798,0.66,11.768286,PSO,float 16,"[38, 7, 2, 16, 25]"
775,0.979,0.74,11.779871,PSO,float 16,"[39, 7, 2, 12, 22]"
776,0.979,0.74,11.801483,PSO,float 16,"[34, 15, 2, 7, 23]"
777,0.978,0.84,11.942242,PSO,float 16,"[30, 6, 2, 16, 20]"
778,0.9778,0.86,11.965817,PSO,float 16,"[27, 6, 2, 15, 22]"
779,0.9774,0.8999999999999999,13.005619,PSO,float 16,"[29, 4, 2, 16, 20]"
780,0.9766,0.98,13.034693,PSO,float 16,"[26, 4, 2, 16, 21]"
781,0.987,-0.06,6.850345,BH,float 16,"[9, 50, 13, 8, 40]"
782,0.9866,-0.02,7.4969015,BH,float 16,"[40, 8, 6, 23, 15]"
783,0.9864,0.0,7.737965,BH,float 16,"[25, 19, 6, 15, 7]"
784,0.9862,0.02,7.8920226,BH,float 16,"[35, 15, 12, 5, 6]"
785,0.9852,0.12,8.707784,BH,float 16,"[32, 17, 9, 8, 4]"
786,0.985,0.13999999999999999,10.045085,BH,float 16,"[35, 48, 23, 49, 2]"
787,0.985,0.13999999999999999,12.1953335,BH,float 16,"[38, 8, 8, 17, 2]"
788,0.9844,0.2,12.723201,BH,float 16,"[25, 11, 8, 7, 2]"
789,0.9842,0.22,13.19094,BH,float 16,"[30, 13, 13, 4, 2]"
790,0.983,0.33999999999999997,13.741693,BH,float 16,"[29, 7, 11, 3, 2]"
791,0.9826,0.38,15.950289,BH,float 16,"[34, 18, 16, 2, 2]"
792,0.982,0.44,16.051552,BH,float 16,"[31, 19, 12, 2, 2]"
793,0.982,0.44,16.802616,BH,float 16,"[35, 6, 11, 2, 2]"
794,0.982,0.44,16.80784,BH,float 16,"[34, 11, 6, 2, 2]"
795,0.98,0.64,17.86242,BH,float 16,"[34, 4, 14, 2, 2]"
796,0.9792,0.72,18.3545,BH,float 16,"[41, 7, 4, 2, 2]"
797,0.978,0.84,18.373274,BH,float 16,"[39, 6, 4, 2, 2]"
798,0.9774,0.8999999999999999,18.374245,BH,float 16,"[37, 4, 5, 2, 2]"
799,0.9868,-0.04,5.7628775,GA,float 16,"[28, 22, 13, 40, 20]"
800,0.9864,0.0,6.4929647,GA,float 16,"[32, 20, 23, 7, 17]"
801,0.9852,0.12,6.5960565,GA,float 16,"[23, 5, 25, 27, 19]"
802,0.9842,0.22,10.012248,GA,float 16,"[3, 3, 39, 16, 13]"
803,0.9834,0.3,10.437482,GA,float 16,"[3, 28, 4, 25, 6]"
804,0.9834,0.3,10.4571295,GA,float 16,"[3, 20, 4, 19, 6]"
805,0.9832,0.32,10.733574,GA,float 16,"[35, 22, 50, 2, 13]"
806,0.9824,0.4,11.320464,GA,float 16,"[3, 3, 19, 6, 6]"
807,0.9822,0.42,13.39945,GA,float 16,"[3, 25, 14, 2, 13]"
808,0.9818,0.45999999999999996,14.784692,GA,float 16,"[3, 36, 3, 2, 13]"
809,0.9818,0.45999999999999996,14.7891035,GA,float 16,"[3, 33, 3, 2, 13]"
810,0.9798,0.66,15.006543,GA,float 16,"[3, 29, 14, 2, 3]"
811,0.9798,0.66,15.316989,GA,float 16,"[3, 15, 3, 2, 14]"
812,0.979,0.74,15.88993,GA,float 16,"[3, 12, 4, 2, 6]"
813,0.9784,0.8,15.89309,GA,float 16,"[3, 3, 16, 2, 6]"
814,0.978,0.84,15.899506,GA,float 16,"[3, 9, 4, 2, 6]"
815,0.9772,0.9199999999999999,16.606476,GA,float 16,"[3, 29, 4, 2, 3]"
816,0.9878,-0.13999999999999999,6.091802,PSO,float 16,"[15, 19, 26, 48, 16]"
817,0.9874,-0.1,6.25844,PSO,float 16,"[32, 17, 17, 43, 8]"
818,0.9872,-0.08,7.1668286,PSO,float 16,"[9, 10, 26, 42, 6]"
819,0.9868,-0.04,7.6701803,PSO,float 16,"[28, 13, 21, 47, 4]"
820,0.9866,-0.02,8.354715,PSO,float 16,"[17, 7, 29, 50, 4]"
821,0.9856,0.08,11.748788,PSO,float 16,"[6, 10, 31, 39, 2]"
822,0.9848,0.16,12.300527,PSO,float 16,"[4, 17, 26, 47, 2]"
823,0.9844,0.2,12.405592,PSO,float 16,"[4, 13, 33, 38, 2]"
824,0.9842,0.22,12.613373,PSO,float 16,"[4, 14, 32, 42, 2]"
825,0.9842,0.22,12.622119,PSO,float 16,"[4, 11, 32, 44, 2]"
826,0.9826,0.38,14.675038,PSO,float 16,"[3, 3, 15, 43, 2]"
827,0.9822,0.42,14.675248,PSO,float 16,"[3, 3, 16, 42, 2]"
828,0.9822,0.42,14.675625,PSO,float 16,"[3, 3, 16, 41, 2]"
829,0.982,0.44,14.675791,PSO,float 16,"[3, 3, 15, 41, 2]"
830,0.9818,0.45999999999999996,14.677134,PSO,float 16,"[3, 3, 16, 37, 2]"
831,0.9814,0.5,14.677421,PSO,float 16,"[3, 3, 12, 38, 2]"
832,0.9796,0.6799999999999999,14.677587,PSO,float 16,"[3, 3, 11, 38, 2]"
833,0.9876,-0.12,7.098883,BH,float 16,"[16, 25, 11, 8, 31]"
834,0.9856,0.08,8.33052,BH,float 16,"[4, 22, 29, 8, 29]"
835,0.9846,0.18,9.172177,BH,float 16,"[6, 16, 4, 11, 26]"
836,0.9832,0.32,10.185703,BH,float 16,"[3, 21, 3, 8, 37]"
837,0.9822,0.42,13.34505,BH,float 16,"[3, 32, 8, 2, 39]"
838,0.981,0.54,13.347624,BH,float 16,"[3, 31, 6, 2, 39]"
839,0.9788,0.76,14.62926,BH,float 16,"[3, 27, 2, 3, 31]"
840,0.9874,-0.1,6.086198,GA,float 16,"[18, 31, 17, 13, 22]"
841,0.9872,-0.08,6.366213,GA,float 16,"[7, 30, 33, 18, 19]"
842,0.9868,-0.04,7.4594736,GA,float 16,"[16, 20, 43, 50, 4]"
843,0.986,0.04,7.4763846,GA,float 16,"[22, 16, 7, 8, 48]"
844,0.9856,0.08,8.640393,GA,float 16,"[20, 6, 14, 34, 4]"
845,0.9852,0.12,8.828192,GA,float 16,"[13, 6, 17, 28, 4]"
846,0.9844,0.2,8.914437,GA,float 16,"[14, 6, 47, 10, 4]"
847,0.9842,0.22,9.630044,GA,float 16,"[15, 4, 7, 24, 8]"
848,0.984,0.24,10.961643,GA,float 16,"[16, 38, 49, 2, 15]"
849,0.9836,0.27999999999999997,10.96221,GA,float 16,"[16, 38, 42, 2, 15]"
850,0.9832,0.32,10.986609,GA,float 16,"[16, 38, 43, 2, 12]"
851,0.9832,0.32,11.176942,GA,float 16,"[16, 38, 18, 2, 15]"
852,0.9826,0.38,12.773638,GA,float 16,"[30, 10, 37, 2, 4]"
853,0.9824,0.4,13.590938,GA,float 16,"[7, 28, 26, 2, 4]"
854,0.9818,0.45999999999999996,13.592977,GA,float 16,"[7, 27, 26, 2, 4]"
855,0.9814,0.5,14.465146,GA,float 16,"[7, 7, 28, 2, 4]"
856,0.9804,0.6,14.498938,GA,float 16,"[20, 6, 7, 2, 4]"
857,0.9798,0.66,14.795266,GA,float 16,"[13, 6, 5, 2, 4]"
858,0.9796,0.6799999999999999,15.325643,GA,float 16,"[7, 6, 5, 2, 4]"
859,0.9768,0.96,16.399313,GA,float 16,"[7, 6, 2, 4, 4]"
860,0.9872,-0.08,6.4035864,PSO,float 16,"[15, 17, 13, 11, 41]"
861,0.9872,-0.08,6.425173,PSO,float 16,"[28, 10, 41, 42, 7]"
862,0.987,-0.06,7.4658966,PSO,float 16,"[8, 11, 13, 11, 29]"
863,0.9862,0.02,7.6870217,PSO,float 16,"[9, 19, 11, 9, 7]"
864,0.986,0.04,9.033171,PSO,float 16,"[9, 16, 16, 15, 4]"
865,0.9858,0.06,12.181036,PSO,float 16,"[8, 10, 15, 18, 2]"
866,0.985,0.13999999999999999,12.306875,PSO,float 16,"[10, 8, 21, 14, 2]"
867,0.9848,0.16,13.081812,PSO,float 16,"[7, 7, 11, 11, 2]"
868,0.9844,0.2,13.147365,PSO,float 16,"[6, 5, 16, 11, 2]"
869,0.984,0.24,13.555109,PSO,float 16,"[8, 8, 15, 8, 2]"
870,0.983,0.33999999999999997,14.729024,PSO,float 16,"[6, 4, 13, 6, 2]"
871,0.982,0.44,14.785541,PSO,float 16,"[5, 4, 14, 8, 2]"
872,0.9818,0.45999999999999996,15.214263,PSO,float 16,"[3, 3, 12, 14, 2]"
873,0.9806,0.58,15.749787,PSO,float 16,"[3, 3, 9, 7, 2]"
874,0.9804,0.6,15.750452,PSO,float 16,"[3, 3, 13, 6, 2]"
875,0.9802,0.62,16.281042,PSO,float 16,"[3, 3, 8, 8, 2]"
876,0.9794,0.7000000000000001,16.28503,PSO,float 16,"[3, 3, 8, 5, 2]"
877,0.9778,0.86,16.817081,PSO,float 16,"[3, 3, 10, 3, 2]"
878,0.9776,0.88,17.347553,PSO,float 16,"[3, 3, 6, 4, 2]"
879,0.9774,0.8999999999999999,20.003616,PSO,float 16,"[3, 3, 13, 2, 2]"
880,0.9772,0.9199999999999999,20.536863,PSO,float 16,"[3, 3, 8, 2, 2]"
881,0.9766,0.98,20.537146,PSO,float 16,"[3, 3, 7, 2, 2]"
882,0.9876,-0.12,5.182712,BH,float 16,"[31, 38, 17, 36, 21]"
883,0.9876,-0.12,5.974971,BH,float 16,"[28, 22, 22, 18, 14]"
884,0.987,-0.06,6.566304,BH,float 16,"[24, 30, 24, 26, 6]"
885,0.987,-0.06,7.3293967,BH,float 16,"[12, 43, 39, 34, 4]"
886,0.9868,-0.04,7.5047426,BH,float 16,"[32, 29, 25, 27, 4]"
887,0.9866,-0.02,7.521251,BH,float 16,"[4, 29, 18, 29, 17]"
888,0.9858,0.06,7.740428,BH,float 16,"[7, 8, 28, 25, 16]"
889,0.9856,0.08,10.658186,BH,float 16,"[27, 21, 24, 26, 2]"
890,0.9854,0.1,10.840194,BH,float 16,"[34, 17, 16, 26, 2]"
891,0.9854,0.1,11.284661,BH,float 16,"[29, 11, 13, 28, 2]"
892,0.985,0.13999999999999999,11.883126,BH,float 16,"[24, 5, 13, 32, 2]"
893,0.9846,0.18,11.9190035,BH,float 16,"[21, 6, 11, 31, 2]"
894,0.9842,0.22,11.971741,BH,float 16,"[18, 5, 10, 27, 2]"
895,0.984,0.24,12.90668,BH,float 16,"[26, 4, 12, 30, 2]"
896,0.9838,0.26,12.930637,BH,float 16,"[24, 4, 14, 31, 2]"
897,0.9836,0.27999999999999997,12.945214,BH,float 16,"[23, 4, 11, 29, 2]"
898,0.983,0.33999999999999997,12.989606,BH,float 16,"[20, 4, 15, 23, 2]"
899,0.983,0.33999999999999997,13.019942,BH,float 16,"[18, 4, 10, 25, 2]"
900,0.9806,0.58,15.427276,BH,float 16,"[3, 3, 8, 21, 2]"
901,0.9774,0.8999999999999999,17.016203,BH,float 16,"[7, 13, 2, 28, 2]"
902,0.9768,0.96,17.506296,BH,float 16,"[8, 7, 2, 18, 2]"
903,0.9872,-0.08,6.3006163,GA,float 16,"[26, 16, 17, 12, 24]"
904,0.9872,-0.08,6.4839654,GA,float 16,"[7, 10, 43, 34, 22]"
905,0.9868,-0.04,6.7807746,GA,float 16,"[7, 10, 43, 10, 39]"
906,0.986,0.04,7.2819448,GA,float 16,"[19, 35, 44, 18, 3]"
907,0.9854,0.1,8.606468,GA,float 16,"[7, 47, 9, 27, 3]"
908,0.9846,0.18,8.938161,GA,float 16,"[7, 36, 7, 47, 3]"
909,0.9844,0.2,9.138177,GA,float 16,"[35, 32, 4, 35, 3]"
910,0.9842,0.22,11.229845,GA,float 16,"[7, 38, 35, 2, 26]"
911,0.9842,0.22,12.1399,GA,float 16,"[7, 39, 4, 4, 3]"
912,0.9836,0.27999999999999997,12.537406,GA,float 16,"[7, 27, 6, 2, 21]"
913,0.983,0.33999999999999997,13.276044,GA,float 16,"[7, 4, 31, 46, 2]"
914,0.9808,0.5599999999999999,13.373768,GA,float 16,"[7, 4, 43, 2, 26]"
915,0.9808,0.5599999999999999,13.948736,GA,float 16,"[7, 18, 4, 2, 13]"
916,0.9808,0.5599999999999999,14.285925,GA,float 16,"[7, 4, 4, 4, 3]"
917,0.9804,0.6,14.296856,GA,float 16,"[7, 4, 43, 2, 5]"
918,0.9802,0.62,14.482223,GA,float 16,"[7, 4, 18, 2, 7]"
919,0.9798,0.66,15.3326845,GA,float 16,"[7, 37, 4, 2, 3]"
920,0.9798,0.66,15.887243,GA,float 16,"[7, 11, 4, 2, 3]"
921,0.9776,0.88,16.949272,GA,float 16,"[3, 12, 4, 2, 3]"
922,0.9872,-0.08,7.700011,PSO,float 16,"[9, 18, 41, 7, 6]"
923,0.986,0.04,8.106468,PSO,float 16,"[11, 45, 19, 11, 4]"
924,0.9854,0.1,8.674262,PSO,float 16,"[6, 17, 38, 4, 14]"
925,0.9852,0.12,10.776522,PSO,float 16,"[25, 42, 17, 10, 2]"
926,0.9852,0.12,12.202896,PSO,float 16,"[7, 41, 23, 7, 2]"
927,0.9846,0.18,12.515649,PSO,float 16,"[31, 31, 30, 4, 2]"
928,0.9844,0.2,12.559042,PSO,float 16,"[5, 17, 28, 5, 2]"
929,0.9832,0.32,15.798663,PSO,float 16,"[23, 31, 32, 2, 2]"
930,0.9828,0.36,15.89155,PSO,float 16,"[17, 29, 30, 2, 2]"
931,0.9824,0.4,16.261116,PSO,float 16,"[9, 26, 31, 2, 2]"
932,0.9816,0.48,16.789768,PSO,float 16,"[5, 27, 31, 2, 2]"
933,0.9812,0.52,16.795816,PSO,float 16,"[5, 24, 32, 2, 2]"
934,0.9804,0.6,17.756838,PSO,float 16,"[3, 19, 30, 2, 2]"
935,0.98,0.64,17.756948,PSO,float 16,"[3, 19, 29, 2, 2]"
936,0.98,0.64,18.079784,PSO,float 16,"[3, 12, 23, 2, 2]"
937,0.9796,0.6799999999999999,18.080008,PSO,float 16,"[3, 12, 21, 2, 2]"
938,0.9796,0.6799999999999999,18.086267,PSO,float 16,"[3, 10, 22, 2, 2]"
939,0.979,0.74,18.608595,PSO,float 16,"[3, 8, 18, 2, 2]"
940,0.9788,0.76,18.608706,PSO,float 16,"[3, 8, 17, 2, 2]"
941,0.9786,0.7799999999999999,18.614008,PSO,float 16,"[3, 7, 18, 2, 2]"
942,0.9782,0.8200000000000001,18.614119,PSO,float 16,"[3, 7, 17, 2, 2]"
943,0.978,0.84,20.00345,PSO,float 16,"[3, 3, 14, 2, 2]"
944,0.9774,0.8999999999999999,20.003616,PSO,float 16,"[3, 3, 13, 2, 2]"
945,0.988,-0.16,5.582569,BH,float 16,"[45, 11, 19, 36, 17]"
946,0.9876,-0.12,5.6862454,BH,float 16,"[22, 29, 20, 18, 27]"
947,0.9872,-0.08,5.7984776,BH,float 16,"[13, 24, 17, 30, 39]"
948,0.9872,-0.08,5.9850755,BH,float 16,"[14, 29, 20, 18, 27]"
949,0.9872,-0.08,6.371357,BH,float 16,"[24, 20, 47, 28, 6]"
950,0.987,-0.06,7.3040423,BH,float 16,"[8, 41, 46, 7, 9]"
951,0.9868,-0.04,7.316793,BH,float 16,"[7, 45, 45, 7, 13]"
952,0.9866,-0.02,7.332349,BH,float 16,"[33, 40, 45, 4, 13]"
953,0.9862,0.02,7.4237804,BH,float 16,"[35, 26, 21, 4, 21]"
954,0.986,0.04,7.682256,BH,float 16,"[27, 16, 43, 4, 22]"
955,0.9858,0.06,8.040909,BH,float 16,"[17, 19, 30, 13, 4]"
956,0.9854,0.1,10.61574,BH,float 16,"[33, 26, 50, 16, 2]"
957,0.985,0.13999999999999999,10.616627,BH,float 16,"[34, 23, 47, 13, 2]"
958,0.985,0.13999999999999999,11.273295,BH,float 16,"[28, 29, 50, 7, 2]"
959,0.9848,0.16,12.3632,BH,float 16,"[26, 28, 50, 4, 2]"
960,0.9844,0.2,12.3828335,BH,float 16,"[25, 25, 34, 4, 2]"
961,0.984,0.24,12.820685,BH,float 16,"[17, 16, 50, 3, 2]"
962,0.983,0.33999999999999997,15.965454,BH,float 16,"[12, 23, 50, 2, 2]"
963,0.9828,0.36,16.022596,BH,float 16,"[10, 23, 50, 2, 2]"
964,0.9826,0.38,16.85206,BH,float 16,"[6, 13, 50, 2, 2]"
965,0.9812,0.52,17.724283,BH,float 16,"[4, 15, 50, 2, 2]"
966,0.9802,0.62,17.864964,BH,float 16,"[3, 12, 50, 2, 2]"
967,0.9798,0.66,17.871334,BH,float 16,"[3, 10, 50, 2, 2]"
968,0.9784,0.8,18.393215,BH,float 16,"[3, 8, 50, 2, 2]"
969,0.9776,0.88,18.398628,BH,float 16,"[3, 7, 50, 2, 2]"
970,0.987,-0.06,6.362612,GA,float 16,"[38, 20, 26, 20, 7]"
971,0.9868,-0.04,6.8003354,GA,float 16,"[8, 23, 18, 14, 31]"
972,0.9862,0.02,7.1152883,GA,float 16,"[8, 23, 6, 31, 44]"
973,0.9858,0.06,8.481932,GA,float 16,"[26, 28, 31, 4, 5]"
974,0.9844,0.2,9.275162,GA,float 16,"[10, 4, 28, 13, 5]"
975,0.9842,0.22,9.455365,GA,float 16,"[8, 4, 43, 14, 5]"
976,0.9836,0.27999999999999997,9.456797,GA,float 16,"[8, 4, 35, 13, 5]"
977,0.9836,0.27999999999999997,11.590006,GA,float 16,"[8, 4, 11, 4, 5]"
978,0.9828,0.36,12.122921,GA,float 16,"[8, 4, 8, 4, 5]"
979,0.9804,0.6,12.320822,GA,float 16,"[8, 37, 2, 28, 5]"
980,0.9798,0.66,12.646793,GA,float 16,"[8, 36, 2, 13, 5]"
981,0.9792,0.72,12.851887,GA,float 16,"[8, 30, 2, 13, 5]"
982,0.9788,0.76,14.452776,GA,float 16,"[8, 29, 2, 4, 5]"
983,0.9768,0.96,14.5406,GA,float 16,"[21, 7, 2, 4, 5]"
984,0.9876,-0.12,5.4647083,PSO,float 16,"[25, 44, 17, 28, 19]"
985,0.9872,-0.08,5.7643824,PSO,float 16,"[15, 41, 26, 31, 22]"
986,0.987,-0.06,5.9846807,PSO,float 16,"[23, 28, 13, 28, 28]"
987,0.9868,-0.04,6.048755,PSO,float 16,"[22, 18, 13, 19, 23]"
988,0.9868,-0.04,6.1379805,PSO,float 16,"[18, 18, 17, 15, 17]"
989,0.9866,-0.02,6.4494004,PSO,float 16,"[10, 19, 22, 30, 15]"
990,0.9866,-0.02,6.7458243,PSO,float 16,"[10, 37, 6, 25, 25]"
991,0.9864,0.0,6.9430127,PSO,float 16,"[6, 19, 10, 17, 26]"
992,0.9862,0.02,8.495884,PSO,float 16,"[10, 33, 7, 8, 7]"
993,0.9858,0.06,8.660349,PSO,float 16,"[4, 29, 6, 10, 25]"
994,0.984,0.24,9.545644,PSO,float 16,"[3, 23, 3, 24, 25]"
995,0.9838,0.26,9.69038,PSO,float 16,"[3, 33, 3, 12, 18]"
996,0.9834,0.3,10.752583,PSO,float 16,"[3, 29, 3, 8, 11]"
997,0.9802,0.62,11.265389,PSO,float 16,"[9, 25, 2, 19, 24]"
998,0.9802,0.62,11.344173,PSO,float 16,"[6, 29, 3, 6, 3]"
999,0.98,0.64,11.520256,PSO,float 16,"[8, 14, 2, 34, 36]"
1000,0.9796,0.6799999999999999,12.762908,PSO,float 16,"[3, 30, 2, 18, 19]"
1001,0.9796,0.6799999999999999,13.110167,PSO,float 16,"[3, 27, 2, 18, 10]"
1002,0.979,0.74,13.374564,PSO,float 16,"[3, 29, 2, 15, 16]"
1003,0.9788,0.76,13.426157,PSO,float 16,"[3, 29, 2, 12, 10]"
1004,0.9784,0.8,13.969851,PSO,float 16,"[3, 30, 2, 12, 5]"
1005,0.978,0.84,16.591574,PSO,float 16,"[3, 26, 2, 3, 4]"
1006,0.9874,-0.1,7.1359982,BH,float 16,"[16, 29, 11, 30, 8]"
1007,0.9864,0.0,8.147866,BH,float 16,"[17, 13, 35, 12, 4]"
1008,0.9858,0.06,10.728267,BH,float 16,"[21, 26, 32, 18, 2]"
1009,0.9856,0.08,10.890814,BH,float 16,"[18, 20, 35, 15, 2]"
1010,0.9854,0.1,11.91393,BH,float 16,"[21, 8, 26, 12, 2]"
1011,0.9852,0.12,11.94575,BH,float 16,"[19, 8, 26, 9, 2]"
1012,0.985,0.13999999999999999,12.507224,BH,float 16,"[17, 8, 26, 8, 2]"
1013,0.9844,0.2,12.7335825,BH,float 16,"[14, 8, 26, 6, 2]"
1014,0.9842,0.22,12.794944,BH,float 16,"[12, 6, 27, 7, 2]"
1015,0.984,0.24,13.849124,BH,float 16,"[12, 4, 25, 6, 2]"
1016,0.9834,0.3,13.936812,BH,float 16,"[9, 4, 27, 6, 2]"
1017,0.9816,0.48,14.885837,BH,float 16,"[13, 4, 25, 4, 2]"
1018,0.9804,0.6,15.430045,BH,float 16,"[3, 3, 23, 6, 2]"
1019,0.9796,0.6799999999999999,18.190088,BH,float 16,"[9, 4, 26, 2, 2]"
1020,0.978,0.84,19.682985,BH,float 16,"[3, 3, 25, 2, 2]"
1021,0.9772,0.9199999999999999,19.683208,BH,float 16,"[3, 3, 23, 2, 2]"
1022,0.9768,0.96,19.683321,BH,float 16,"[3, 3, 22, 2, 2]"
1023,0.9874,-0.1,5.169007,GA,float 16,"[48, 18, 34, 19, 32]"
1024,0.987,-0.06,6.981763,GA,float 16,"[35, 39, 17, 34, 4]"
1025,0.9862,0.02,8.183276,GA,float 16,"[4, 9, 17, 21, 13]"
1026,0.9852,0.12,11.860692,GA,float 16,"[4, 33, 46, 42, 2]"
1027,0.9852,0.12,14.0013075,GA,float 16,"[4, 34, 6, 7, 2]"
1028,0.984,0.24,14.009803,GA,float 16,"[4, 8, 38, 6, 2]"
1029,0.9838,0.26,14.2232065,GA,float 16,"[4, 8, 27, 6, 2]"
1030,0.9834,0.3,14.559194,GA,float 16,"[4, 9, 6, 6, 2]"
1031,0.9808,0.5599999999999999,17.17753,GA,float 16,"[4, 41, 38, 2, 2]"
1032,0.9796,0.6799999999999999,18.262966,GA,float 16,"[4, 8, 38, 2, 2]"
1033,0.9876,-0.12,5.4489894,PSO,float 16,"[36, 25, 26, 19, 31]"
1034,0.9874,-0.1,6.730706,PSO,float 16,"[18, 15, 13, 20, 16]"
1035,0.9868,-0.04,7.3049664,PSO,float 16,"[31, 6, 20, 7, 29]"
1036,0.9858,0.06,8.056768,PSO,float 16,"[27, 5, 6, 14, 11]"
1037,0.9848,0.16,8.127572,PSO,float 16,"[22, 5, 6, 15, 10]"
1038,0.9846,0.18,8.230039,PSO,float 16,"[26, 4, 18, 13, 15]"
1039,0.9846,0.18,8.607924,PSO,float 16,"[35, 4, 12, 7, 21]"
1040,0.9844,0.2,8.772827,PSO,float 16,"[26, 4, 21, 13, 8]"
1041,0.9836,0.27999999999999997,9.090332,PSO,float 16,"[26, 4, 15, 16, 8]"
1042,0.9836,0.27999999999999997,9.149486,PSO,float 16,"[24, 4, 7, 13, 10]"
1043,0.9814,0.5,10.152507,PSO,float 16,"[27, 4, 4, 15, 13]"
1044,0.9804,0.6,10.292951,PSO,float 16,"[17, 4, 3, 13, 13]"
1045,0.9802,0.62,11.378698,PSO,float 16,"[30, 13, 2, 21, 16]"
1046,0.9796,0.6799999999999999,11.905102,PSO,float 16,"[31, 7, 2, 21, 16]"
1047,0.9794,0.7000000000000001,12.315835,PSO,float 16,"[24, 14, 2, 15, 8]"
1048,0.9786,0.7799999999999999,12.3833,PSO,float 16,"[22, 10, 2, 16, 6]"
1049,0.9784,0.8,12.794393,PSO,float 16,"[29, 8, 2, 11, 8]"
1050,0.9776,0.88,12.834391,PSO,float 16,"[27, 7, 2, 14, 7]"
1051,0.9766,0.98,13.968793,PSO,float 16,"[21, 4, 2, 15, 7]"
1052,0.9878,-0.13999999999999999,5.2050066,BH,float 16,"[25, 34, 17, 39, 31]"
1053,0.9878,-0.13999999999999999,5.2573543,BH,float 16,"[26, 36, 26, 47, 17]"
1054,0.9872,-0.08,7.8403535,BH,float 16,"[9, 31, 26, 44, 4]"
1055,0.987,-0.06,8.029179,BH,float 16,"[10, 28, 24, 32, 4]"
1056,0.986,0.04,10.805432,BH,float 16,"[38, 18, 16, 32, 2]"
1057,0.9856,0.08,11.470612,BH,float 16,"[5, 24, 25, 37, 2]"
1058,0.9856,0.08,11.944362,BH,float 16,"[6, 16, 17, 29, 2]"
1059,0.9848,0.16,11.949552,BH,float 16,"[6, 14, 22, 30, 2]"
1060,0.9842,0.22,12.828069,BH,float 16,"[4, 14, 22, 30, 2]"
1061,0.9824,0.4,13.831687,BH,float 16,"[3, 5, 12, 28, 2]"
1062,0.9822,0.42,13.83273,BH,float 16,"[3, 5, 12, 26, 2]"
1063,0.9818,0.45999999999999996,15.425705,BH,float 16,"[3, 3, 8, 24, 2]"
1064,0.9802,0.62,15.426509,BH,float 16,"[3, 3, 7, 23, 2]"
1065,0.98,0.64,15.427837,BH,float 16,"[3, 3, 6, 21, 2]"
1066,0.9794,0.7000000000000001,15.428119,BH,float 16,"[3, 3, 5, 21, 2]"
1067,0.9788,0.76,16.492224,BH,float 16,"[3, 3, 4, 24, 2]"
1068,0.9782,0.8200000000000001,16.493269,BH,float 16,"[3, 3, 4, 22, 2]"
1069,0.9866,-0.02,7.521421,GA,float 16,"[23, 47, 11, 46, 3]"
1070,0.986,0.04,9.458292,GA,float 16,"[14, 39, 8, 4, 6]"
1071,0.9852,0.12,9.5340395,GA,float 16,"[4, 14, 20, 4, 33]"
1072,0.9852,0.12,11.078298,GA,float 16,"[14, 10, 8, 4, 3]"
1073,0.984,0.24,11.223852,GA,float 16,"[47, 18, 4, 4, 3]"
1074,0.984,0.24,12.115748,GA,float 16,"[35, 4, 8, 4, 4]"
1075,0.9834,0.3,12.204158,GA,float 16,"[6, 33, 4, 4, 3]"
1076,0.9826,0.38,12.247857,GA,float 16,"[32, 4, 8, 4, 3]"
1077,0.9826,0.38,12.393264,GA,float 16,"[20, 4, 8, 4, 3]"
1078,0.9824,0.4,12.66366,GA,float 16,"[14, 4, 8, 4, 3]"
1079,0.982,0.44,13.7555485,GA,float 16,"[13, 4, 4, 4, 3]"
1080,0.9818,0.45999999999999996,14.233953,GA,float 16,"[8, 4, 4, 4, 3]"
1081,0.98,0.64,14.529984,GA,float 16,"[4, 35, 4, 15, 2]"
1082,0.9782,0.8200000000000001,15.219914,GA,float 16,"[4, 4, 4, 4, 3]"
1083,0.9874,-0.1,7.2111716,PSO,float 16,"[7, 29, 17, 11, 14]"
1084,0.9872,-0.08,7.2988296,PSO,float 16,"[6, 37, 25, 21, 6]"
1085,0.987,-0.06,7.7657857,PSO,float 16,"[23, 13, 8, 7, 18]"
1086,0.9864,0.0,8.138901,PSO,float 16,"[4, 33, 6, 32, 23]"
1087,0.986,0.04,11.287469,PSO,float 16,"[7, 28, 6, 4, 3]"
1088,0.9856,0.08,11.913376,PSO,float 16,"[12, 29, 7, 19, 2]"
1089,0.983,0.33999999999999997,12.362308,PSO,float 16,"[13, 25, 8, 2, 10]"
1090,0.9828,0.36,12.772054,PSO,float 16,"[12, 27, 5, 7, 2]"
1091,0.982,0.44,14.295158,PSO,float 16,"[8, 25, 6, 3, 2]"
1092,0.979,0.74,15.471554,PSO,float 16,"[8, 26, 2, 4, 4]"
1093,0.9872,-0.08,6.2112174,BH,float 16,"[7, 10, 38, 39, 48]"
1094,0.987,-0.06,6.3825097,BH,float 16,"[8, 21, 13, 42, 41]"
1095,0.987,-0.06,7.0899606,BH,float 16,"[50, 31, 26, 43, 4]"
1096,0.9862,0.02,7.278357,BH,float 16,"[18, 50, 6, 31, 6]"
1097,0.9862,0.02,8.434075,BH,float 16,"[5, 31, 6, 17, 5]"
1098,0.9858,0.06,11.181585,BH,float 16,"[6, 43, 21, 44, 2]"
1099,0.985,0.13999999999999999,12.058772,BH,float 16,"[4, 42, 29, 49, 2]"
1100,0.9832,0.32,12.7015505,BH,float 16,"[14, 47, 4, 25, 2]"
1101,0.9824,0.4,13.255265,BH,float 16,"[3, 47, 5, 28, 2]"
1102,0.9804,0.6,13.259016,BH,float 16,"[3, 46, 6, 23, 2]"
1103,0.9796,0.6799999999999999,14.769914,BH,float 16,"[3, 39, 2, 16, 4]"
1104,0.9778,0.86,16.004793,BH,float 16,"[10, 50, 2, 24, 2]"
1105,0.9776,0.88,16.01645,BH,float 16,"[10, 44, 2, 18, 2]"
1106,0.9776,0.88,16.401108,BH,float 16,"[8, 47, 2, 29, 2]"
1107,0.9768,0.96,17.849026,BH,float 16,"[3, 43, 2, 13, 2]"
1108,0.9766,0.98,17.849556,BH,float 16,"[3, 41, 2, 16, 2]"
1109,0.9872,-0.08,5.261869,GA,float 16,"[31, 10, 39, 41, 44]"
1110,0.9868,-0.04,5.7344103,GA,float 16,"[31, 24, 25, 43, 12]"
1111,0.9868,-0.04,7.277825,GA,float 16,"[17, 36, 23, 34, 4]"
1112,0.9864,0.0,8.335116,GA,float 16,"[17, 31, 6, 34, 4]"
1113,0.9862,0.02,8.350383,GA,float 16,"[10, 31, 10, 20, 4]"
1114,0.986,0.04,8.775665,GA,float 16,"[13, 8, 17, 4, 32]"
1115,0.9854,0.1,11.442114,GA,float 16,"[37, 37, 6, 13, 2]"
1116,0.9852,0.12,12.213525,GA,float 16,"[7, 8, 19, 47, 2]"
1117,0.9844,0.2,12.504809,GA,float 16,"[4, 22, 23, 32, 2]"
1118,0.9838,0.26,14.221441,GA,float 16,"[4, 8, 19, 8, 2]"
1119,0.983,0.33999999999999997,14.222494,GA,float 16,"[4, 8, 6, 19, 2]"
1120,0.9806,0.58,14.688255,GA,float 16,"[13, 6, 3, 8, 2]"
1121,0.9786,0.7799999999999999,14.742758,GA,float 16,"[6, 6, 3, 11, 2]"
1122,0.9784,0.8,15.274104,GA,float 16,"[6, 6, 3, 8, 2]"
1123,0.9778,0.86,16.455032,GA,float 16,"[22, 48, 2, 8, 2]"
1124,0.9776,0.88,16.728968,GA,float 16,"[19, 26, 2, 8, 2]"
1125,0.9776,0.88,17.536028,GA,float 16,"[7, 28, 2, 8, 2]"
1126,0.977,0.9400000000000001,17.554628,GA,float 16,"[7, 19, 2, 8, 2]"
1127,0.9876,-0.12,5.9727387,PSO,float 16,"[31, 11, 19, 27, 17]"
1128,0.9874,-0.1,6.923441,PSO,float 16,"[23, 11, 31, 32, 6]"
1129,0.9868,-0.04,7.8685126,PSO,float 16,"[33, 13, 11, 34, 4]"
1130,0.9856,0.08,11.844594,PSO,float 16,"[26, 8, 13, 27, 2]"
1131,0.985,0.13999999999999999,11.9427805,PSO,float 16,"[20, 5, 13, 23, 2]"
1132,0.9844,0.2,11.95885,PSO,float 16,"[19, 5, 16, 20, 2]"
1133,0.9842,0.22,12.507988,PSO,float 16,"[15, 5, 16, 16, 2]"
1134,0.9838,0.26,12.50832,PSO,float 16,"[15, 5, 14, 16, 2]"
1135,0.9838,0.26,12.934809,PSO,float 16,"[24, 4, 14, 23, 2]"
1136,0.9836,0.27999999999999997,13.607104,PSO,float 16,"[13, 4, 16, 13, 2]"
1137,0.982,0.44,15.747462,PSO,float 16,"[3, 3, 15, 8, 2]"
1138,0.9876,-0.12,5.9647593,BH,float 8,"[42, 26, 13, 18, 21]"
1139,0.987,-0.06,8.142712,BH,float 8,"[24, 29, 13, 4, 20]"
1140,0.9828,0.36,8.26147,BH,float 8,"[33, 34, 8, 4, 22]"
1141,0.9822,0.42,11.2385435,BH,float 8,"[30, 29, 11, 2, 31]"
1142,0.982,0.44,11.299243,BH,float 8,"[26, 26, 13, 2, 26]"
1143,0.9816,0.48,11.791503,BH,float 8,"[30, 27, 5, 2, 26]"
1144,0.9786,0.7799999999999999,12.646214,BH,float 8,"[30, 35, 2, 4, 27]"
1145,0.9784,0.8,16.101791,BH,float 8,"[28, 26, 2, 2, 19]"
1146,0.9782,0.8200000000000001,16.125608,BH,float 8,"[25, 29, 2, 2, 20]"
1147,0.9768,0.96,16.438871,BH,float 8,"[25, 29, 2, 2, 15]"
1148,0.9878,-0.13999999999999999,5.48074,GA,float 8,"[21, 22, 35, 17, 43]"
1149,0.9868,-0.04,5.752294,GA,float 8,"[37, 18, 32, 13, 45]"
1150,0.9864,0.0,6.5715103,GA,float 8,"[24, 26, 20, 13, 9]"
1151,0.9864,0.0,8.28358,GA,float 8,"[15, 22, 43, 12, 3]"
1152,0.9852,0.12,8.407166,GA,float 8,"[5, 29, 15, 8, 11]"
1153,0.9852,0.12,11.027887,GA,float 8,"[27, 32, 16, 49, 2]"
1154,0.9846,0.18,11.958459,GA,float 8,"[21, 38, 15, 8, 2]"
1155,0.9844,0.2,12.057323,GA,float 8,"[5, 49, 27, 12, 2]"
1156,0.9842,0.22,13.138816,GA,float 8,"[5, 25, 13, 8, 2]"
1157,0.984,0.24,13.666909,GA,float 8,"[5, 29, 8, 8, 2]"
1158,0.9828,0.36,14.206452,GA,float 8,"[5, 24, 15, 4, 2]"
1159,0.977,0.9400000000000001,14.539656,GA,float 8,"[5, 3, 15, 12, 2]"
1160,0.9876,-0.12,11.494451,PSO,float 8,"[10, 29, 13, 45, 2]"
1161,0.9854,0.1,12.210649,PSO,float 8,"[7, 19, 14, 29, 2]"
1162,0.985,0.13999999999999999,12.3092985,PSO,float 8,"[7, 16, 14, 49, 2]"
1163,0.984,0.24,12.312832,PSO,float 8,"[7, 16, 15, 34, 2]"
1164,0.9836,0.27999999999999997,12.392369,PSO,float 8,"[5, 14, 13, 50, 2]"
1165,0.9832,0.32,13.300225,PSO,float 8,"[3, 17, 13, 31, 2]"
1166,0.983,0.33999999999999997,13.6181135,PSO,float 8,"[3, 13, 13, 30, 2]"
1167,0.9826,0.38,14.151117,PSO,float 8,"[3, 13, 8, 31, 2]"
1168,0.9822,0.42,14.153545,PSO,float 8,"[3, 12, 5, 31, 2]"
1169,0.9816,0.48,15.006092,PSO,float 8,"[3, 13, 3, 36, 2]"
1170,0.9812,0.52,15.22004,PSO,float 8,"[3, 13, 3, 25, 2]"
1171,0.9802,0.62,15.224244,PSO,float 8,"[3, 10, 3, 30, 2]"
1172,0.9778,0.86,18.417013,PSO,float 8,"[3, 13, 2, 30, 2]"
1173,0.9774,0.8999999999999999,18.417337,PSO,float 8,"[3, 13, 2, 29, 2]"
1174,0.9772,0.9199999999999999,18.418966,PSO,float 8,"[3, 13, 2, 24, 2]"
1175,0.9878,-0.13999999999999999,6.805455,BH,float 8,"[44, 29, 13, 27, 8]"
1176,0.9864,0.0,6.838549,BH,float 8,"[40, 29, 9, 28, 7]"
1177,0.9864,0.0,6.9530997,BH,float 8,"[12, 18, 14, 17, 12]"
1178,0.986,0.04,7.1897044,BH,float 8,"[24, 10, 9, 15, 16]"
1179,0.9858,0.06,9.21729,BH,float 8,"[12, 6, 6, 15, 5]"
1180,0.9846,0.18,10.05371,BH,float 8,"[42, 44, 47, 45, 2]"
1181,0.9844,0.2,10.573154,BH,float 8,"[21, 34, 27, 34, 2]"
1182,0.9844,0.2,11.117774,BH,float 8,"[13, 26, 19, 33, 2]"
1183,0.9836,0.27999999999999997,11.740868,BH,float 8,"[9, 22, 15, 29, 2]"
1184,0.9812,0.52,12.292941,BH,float 8,"[5, 18, 11, 25, 2]"
1185,0.9802,0.62,13.721767,BH,float 8,"[9, 14, 2, 30, 4]"
1186,0.9794,0.7000000000000001,14.185212,BH,float 8,"[7, 15, 2, 31, 4]"
1187,0.9782,0.8200000000000001,17.080233,BH,float 8,"[8, 13, 2, 35, 2]"
1188,0.9778,0.86,18.417013,BH,float 8,"[3, 13, 2, 30, 2]"
1189,0.9774,0.8999999999999999,18.417337,BH,float 8,"[3, 13, 2, 29, 2]"
1190,0.9868,-0.04,5.2223163,GA,float 8,"[24, 37, 32, 35, 43]"
1191,0.9862,0.02,6.084432,GA,float 8,"[37, 22, 6, 37, 37]"
1192,0.986,0.04,6.870997,GA,float 8,"[24, 5, 22, 12, 33]"
1193,0.9854,0.1,6.9079432,GA,float 8,"[22, 21, 43, 10, 7]"
1194,0.9852,0.12,10.879142,GA,float 8,"[14, 40, 41, 24, 2]"
1195,0.9844,0.2,11.939577,GA,float 8,"[24, 11, 13, 15, 2]"
1196,0.9838,0.26,12.96845,GA,float 8,"[27, 4, 45, 15, 2]"
1197,0.9828,0.36,15.979529,GA,float 8,"[33, 45, 16, 2, 2]"
1198,0.9816,0.48,17.055277,GA,float 8,"[8, 49, 16, 2, 2]"
1199,0.9812,0.52,17.074942,GA,float 8,"[5, 29, 20, 2, 2]"
1200,0.9806,0.58,17.81208,GA,float 8,"[8, 29, 6, 2, 2]"
1201,0.9874,-0.1,5.7426043,PSO,float 8,"[41, 44, 20, 27, 15]"
1202,0.9868,-0.04,6.1642337,PSO,float 8,"[28, 20, 14, 21, 28]"
1203,0.9868,-0.04,7.064528,PSO,float 8,"[27, 26, 14, 30, 6]"
1204,0.9858,0.06,7.9857893,PSO,float 8,"[20, 47, 14, 22, 3]"
1205,0.9858,0.06,11.0941515,PSO,float 8,"[22, 38, 13, 17, 2]"
1206,0.9854,0.1,11.6094055,PSO,float 8,"[35, 24, 6, 21, 2]"
1207,0.9836,0.27999999999999997,11.79669,PSO,float 8,"[27, 18, 6, 27, 2]"
1208,0.9832,0.32,12.114182,PSO,float 8,"[28, 10, 8, 17, 2]"
1209,0.9806,0.58,12.670487,PSO,float 8,"[35, 26, 3, 30, 2]"
1210,0.9786,0.7799999999999999,16.213392,PSO,float 8,"[34, 11, 2, 18, 2]"
1211,0.9786,0.7799999999999999,16.340878,PSO,float 8,"[31, 14, 2, 23, 2]"
1212,0.9784,0.8,16.386019,PSO,float 8,"[27, 11, 2, 23, 2]"
1213,0.9778,0.86,16.410362,PSO,float 8,"[25, 10, 2, 19, 2]"
1214,0.9774,0.8999999999999999,16.412876,PSO,float 8,"[24, 14, 2, 21, 2]"
1215,0.9766,0.98,16.895052,PSO,float 8,"[30, 5, 2, 23, 2]"
1216,0.9766,0.98,16.905745,PSO,float 8,"[29, 5, 2, 20, 2]"
1217,0.9878,-0.13999999999999999,6.3414516,BH,float 8,"[36, 41, 20, 17, 6]"
1218,0.9868,-0.04,6.917566,BH,float 8,"[7, 40, 18, 25, 15]"
1219,0.9866,-0.02,7.053109,BH,float 8,"[27, 11, 6, 24, 22]"
1220,0.9862,0.02,7.0847855,BH,float 8,"[23, 29, 6, 23, 14]"
1221,0.9856,0.08,12.231942,BH,float 8,"[11, 20, 6, 32, 2]"
1222,0.9822,0.42,12.602525,BH,float 8,"[9, 13, 8, 17, 2]"
1223,0.9802,0.62,12.690392,BH,float 8,"[22, 29, 4, 34, 2]"
1224,0.9796,0.6799999999999999,13.4098625,BH,float 8,"[3, 11, 16, 34, 2]"
1225,0.9786,0.7799999999999999,16.497837,BH,float 8,"[11, 20, 2, 30, 2]"
1226,0.9784,0.8,16.522682,BH,float 8,"[10, 18, 2, 29, 2]"
1227,0.9774,0.8999999999999999,18.203722,BH,float 8,"[3, 13, 2, 40, 2]"
1228,0.9768,0.96,18.204693,BH,float 8,"[3, 13, 2, 36, 2]"
1229,0.9872,-0.08,5.431593,GA,float 8,"[42, 45, 20, 31, 17]"
1230,0.9864,0.0,6.0939007,GA,float 8,"[40, 33, 13, 10, 19]"
1231,0.9862,0.02,6.5328,GA,float 8,"[48, 20, 6, 9, 48]"
1232,0.985,0.13999999999999999,12.154624,GA,float 8,"[24, 17, 6, 9, 2]"
1233,0.9842,0.22,12.173055,GA,float 8,"[49, 13, 6, 10, 2]"
1234,0.984,0.24,14.0359955,GA,float 8,"[27, 4, 6, 16, 2]"
1235,0.9824,0.4,14.415478,GA,float 8,"[14, 4, 6, 13, 2]"
1236,0.982,0.44,14.477899,GA,float 8,"[11, 4, 6, 11, 2]"
1237,0.9814,0.5,16.726212,GA,float 8,"[35, 23, 6, 2, 2]"
1238,0.9806,0.58,17.571285,GA,float 8,"[16, 14, 6, 2, 2]"
1239,0.98,0.64,17.57905,GA,float 8,"[16, 10, 6, 2, 2]"
1240,0.9782,0.8200000000000001,18.637245,GA,float 8,"[37, 4, 6, 2, 2]"
1241,0.9782,0.8200000000000001,18.665081,GA,float 8,"[33, 4, 6, 2, 2]"
1242,0.978,0.84,19.250559,GA,float 8,"[12, 4, 6, 2, 2]"
1243,0.9772,0.9199999999999999,19.29357,GA,float 8,"[10, 4, 6, 2, 2]"
1244,0.987,-0.06,5.4448676,PSO,float 8,"[24, 40, 30, 34, 28]"
1245,0.9868,-0.04,6.1181836,PSO,float 8,"[10, 29, 38, 19, 20]"
1246,0.9864,0.0,6.9555254,PSO,float 8,"[6, 25, 34, 16, 24]"
1247,0.9858,0.06,7.0270042,PSO,float 8,"[7, 6, 40, 39, 36]"
1248,0.9858,0.06,7.7951884,PSO,float 8,"[7, 11, 14, 11, 21]"
1249,0.9846,0.18,9.406349,PSO,float 8,"[3, 13, 8, 16, 22]"
1250,0.9834,0.3,9.463182,PSO,float 8,"[9, 6, 3, 16, 21]"
1251,0.9826,0.38,10.997092,PSO,float 8,"[3, 8, 3, 14, 25]"
1252,0.9808,0.5599999999999999,11.732051,PSO,float 8,"[11, 18, 2, 15, 29]"
1253,0.9802,0.62,12.544671,PSO,float 8,"[8, 9, 2, 16, 25]"
1254,0.9802,0.62,13.672261,PSO,float 8,"[3, 10, 2, 13, 24]"
1255,0.979,0.74,13.674755,PSO,float 8,"[3, 13, 2, 10, 22]"
1256,0.9788,0.76,13.678238,PSO,float 8,"[3, 13, 2, 10, 21]"
1257,0.9784,0.8,14.200512,PSO,float 8,"[3, 13, 2, 7, 24]"
1258,0.978,0.84,15.275535,PSO,float 8,"[3, 10, 2, 4, 23]"
1259,0.9872,-0.08,4.901717,BH,float 8,"[50, 37, 32, 46, 49]"
1260,0.9872,-0.08,5.4183116,BH,float 8,"[27, 22, 17, 48, 39]"
1261,0.9868,-0.04,6.4574065,BH,float 8,"[10, 29, 36, 20, 10]"
1262,0.9868,-0.04,8.358267,BH,float 8,"[6, 26, 9, 16, 8]"
1263,0.9864,0.0,11.456525,BH,float 8,"[12, 38, 13, 21, 2]"
1264,0.9856,0.08,11.985227,BH,float 8,"[7, 38, 13, 29, 2]"
1265,0.984,0.24,12.518547,BH,float 8,"[7, 37, 8, 32, 2]"
1266,0.9818,0.45999999999999996,13.819179,BH,float 8,"[3, 30, 5, 24, 2]"
1267,0.9814,0.5,14.941837,BH,float 8,"[3, 32, 2, 23, 4]"
1268,0.9798,0.66,14.944108,BH,float 8,"[3, 30, 2, 24, 4]"
1269,0.979,0.74,16.623066,BH,float 8,"[10, 33, 2, 15, 2]"
1270,0.979,0.74,16.75337,BH,float 8,"[8, 35, 2, 18, 2]"
1271,0.9776,0.88,16.791588,BH,float 8,"[7, 34, 2, 18, 2]"
1272,0.977,0.9400000000000001,17.876442,BH,float 8,"[3, 35, 2, 23, 2]"
1273,0.9862,0.02,5.719847,GA,float 8,"[50, 29, 24, 45, 10]"
1274,0.9862,0.02,6.3576946,GA,float 8,"[37, 19, 39, 18, 5]"
1275,0.986,0.04,7.8076606,GA,float 8,"[12, 18, 40, 8, 7]"
1276,0.9854,0.1,8.015403,GA,float 8,"[42, 13, 14, 8, 7]"
1277,0.9832,0.32,9.740406,GA,float 8,"[3, 13, 6, 50, 7]"
1278,0.9828,0.36,12.076934,GA,float 8,"[3, 10, 3, 4, 23]"
1279,0.9824,0.4,12.420998,GA,float 8,"[3, 13, 3, 4, 10]"
1280,0.9816,0.48,13.481606,GA,float 8,"[3, 13, 2, 45, 10]"
1281,0.9812,0.52,14.006776,GA,float 8,"[3, 13, 40, 2, 7]"
1282,0.9808,0.5599999999999999,14.006827,GA,float 8,"[3, 13, 39, 2, 7]"
1283,0.9806,0.58,14.220034,GA,float 8,"[3, 13, 31, 2, 7]"
1284,0.9804,0.6,15.074698,GA,float 8,"[3, 13, 5, 2, 7]"
1285,0.9786,0.7799999999999999,15.078332,GA,float 8,"[3, 13, 2, 8, 7]"
1286,0.9784,0.8,15.087137,GA,float 8,"[3, 13, 2, 8, 6]"
1287,0.9772,0.9199999999999999,16.929895,GA,float 8,"[31, 29, 2, 2, 7]"
1288,0.9882,-0.18,5.9087596,PSO,float 8,"[23, 20, 32, 26, 24]"
1289,0.988,-0.16,6.299001,PSO,float 8,"[10, 29, 20, 26, 29]"
1290,0.9866,-0.02,6.810849,PSO,float 8,"[7, 22, 17, 24, 25]"
1291,0.9866,-0.02,8.011961,PSO,float 8,"[11, 27, 36, 4, 22]"
1292,0.9856,0.08,8.567161,PSO,float 8,"[6, 25, 34, 4, 21]"
1293,0.9852,0.12,8.89125,PSO,float 8,"[3, 10, 13, 12, 19]"
1294,0.9832,0.32,11.396295,PSO,float 8,"[13, 22, 18, 2, 19]"
1295,0.9828,0.36,11.422001,PSO,float 8,"[10, 29, 32, 2, 27]"
1296,0.9828,0.36,11.458005,PSO,float 8,"[9, 22, 20, 2, 26]"
1297,0.9826,0.38,11.990354,PSO,float 8,"[5, 26, 30, 2, 28]"
1298,0.982,0.44,13.66726,PSO,float 8,"[3, 14, 13, 2, 22]"
1299,0.9818,0.45999999999999996,13.674247,PSO,float 8,"[3, 14, 13, 2, 20]"
1300,0.9814,0.5,13.685187,PSO,float 8,"[3, 12, 13, 2, 18]"
1301,0.9814,0.5,14.218209,PSO,float 8,"[3, 14, 8, 2, 17]"
1302,0.981,0.54,14.535566,PSO,float 8,"[3, 12, 5, 2, 13]"
1303,0.9804,0.6,15.6145,PSO,float 8,"[3, 11, 3, 2, 11]"
1304,0.9872,-0.08,5.459843,BH,float 8,"[26, 37, 41, 17, 19]"
1305,0.9872,-0.08,5.92791,BH,float 8,"[49, 26, 17, 31, 13]"
1306,0.9872,-0.08,6.739094,BH,float 8,"[22, 28, 6, 31, 31]"
1307,0.9866,-0.02,7.9358034,BH,float 8,"[25, 10, 20, 34, 4]"
1308,0.9858,0.06,10.739471,BH,float 8,"[25, 27, 18, 34, 2]"
1309,0.9852,0.12,11.965988,BH,float 8,"[22, 5, 14, 36, 2]"
1310,0.9848,0.16,12.155472,BH,float 8,"[24, 5, 9, 32, 2]"
1311,0.9846,0.18,12.227777,BH,float 8,"[18, 5, 9, 30, 2]"
1312,0.983,0.33999999999999997,12.999453,BH,float 8,"[24, 4, 14, 37, 2]"
1313,0.9828,0.36,14.132463,BH,float 8,"[12, 4, 6, 29, 2]"
1314,0.9784,0.8,14.139502,BH,float 8,"[12, 6, 4, 28, 2]"
1315,0.9778,0.86,14.209626,BH,float 8,"[9, 5, 3, 25, 2]"
1316,0.9776,0.88,17.407576,BH,float 8,"[9, 5, 2, 27, 2]"
1317,0.977,0.9400000000000001,17.729317,BH,float 8,"[9, 5, 2, 15, 2]"
1318,0.9872,-0.08,6.350936,GA,float 8,"[7, 35, 17, 21, 46]"
1319,0.9868,-0.04,7.7709904,GA,float 8,"[7, 48, 6, 18, 14]"
1320,0.986,0.04,11.3186865,GA,float 8,"[46, 38, 6, 30, 2]"
1321,0.9858,0.06,11.975802,GA,float 8,"[12, 50, 6, 30, 2]"
1322,0.9846,0.18,13.452022,GA,float 8,"[30, 49, 6, 4, 2]"
1323,0.9842,0.22,13.452968,GA,float 8,"[30, 48, 6, 4, 2]"
1324,0.9832,0.32,13.808734,GA,float 8,"[7, 23, 17, 4, 2]"
1325,0.9828,0.36,14.432494,GA,float 8,"[7, 48, 6, 4, 2]"
1326,0.9816,0.48,17.141905,GA,float 8,"[3, 13, 3, 4, 2]"
1327,0.9788,0.76,17.143843,GA,float 8,"[3, 12, 3, 4, 2]"
1328,0.9872,-0.08,5.484143,PSO,float 8,"[34, 20, 40, 18, 23]"
1329,0.987,-0.06,5.9770823,PSO,float 8,"[28, 11, 41, 18, 22]"
1330,0.987,-0.06,6.8772807,PSO,float 8,"[16, 22, 40, 26, 6]"
1331,0.9864,0.0,6.904356,PSO,float 8,"[35, 19, 30, 13, 5]"
1332,0.986,0.04,8.810416,PSO,float 8,"[25, 10, 40, 4, 6]"
1333,0.9856,0.08,11.063922,PSO,float 8,"[16, 22, 44, 26, 2]"
1334,0.9852,0.12,11.489954,PSO,float 8,"[11, 18, 45, 15, 2]"
1335,0.985,0.13999999999999999,11.749995,PSO,float 8,"[14, 12, 41, 14, 2]"
1336,0.9836,0.27999999999999997,12.394115,PSO,float 8,"[9, 10, 46, 7, 2]"
1337,0.9832,0.32,12.563717,PSO,float 8,"[17, 5, 47, 7, 2]"
1338,0.9826,0.38,12.563923,PSO,float 8,"[17, 5, 43, 7, 2]"
1339,0.9822,0.42,15.864749,PSO,float 8,"[25, 20, 41, 2, 2]"
1340,0.9822,0.42,16.147045,PSO,float 8,"[29, 12, 41, 2, 2]"
1341,0.9818,0.45999999999999996,16.156933,PSO,float 8,"[28, 12, 42, 2, 2]"
1342,0.9816,0.48,17.06675,PSO,float 8,"[15, 5, 42, 2, 2]"
1343,0.981,0.54,17.105976,PSO,float 8,"[13, 5, 39, 2, 2]"
1344,0.981,0.54,17.147455,PSO,float 8,"[11, 5, 42, 2, 2]"
1345,0.981,0.54,17.147558,PSO,float 8,"[11, 5, 40, 2, 2]"
1346,0.9806,0.58,17.169468,PSO,float 8,"[10, 5, 39, 2, 2]"
1347,0.9798,0.66,17.16952,PSO,float 8,"[10, 5, 38, 2, 2]"
1348,0.9796,0.6799999999999999,17.191963,PSO,float 8,"[9, 5, 41, 2, 2]"
1349,0.9792,0.72,18.162266,PSO,float 8,"[13, 4, 41, 2, 2]"
1350,0.9788,0.76,18.162369,PSO,float 8,"[13, 4, 39, 2, 2]"
1351,0.9788,0.76,18.713953,PSO,float 8,"[7, 4, 43, 2, 2]"
1352,0.9768,0.96,18.75289,PSO,float 8,"[6, 4, 41, 2, 2]"
1353,0.9872,-0.08,5.412989,BH,float 8,"[41, 22, 36, 24, 29]"
1354,0.9868,-0.04,7.2075315,BH,float 8,"[7, 27, 16, 9, 45]"
1355,0.9864,0.0,7.311412,BH,float 8,"[10, 12, 23, 12, 13]"
1356,0.9858,0.06,8.189261,BH,float 8,"[21, 18, 31, 4, 14]"
1357,0.9846,0.18,8.764007,BH,float 8,"[3, 23, 8, 24, 21]"
1358,0.9842,0.22,9.119961,BH,float 8,"[11, 6, 21, 24, 3]"
1359,0.9832,0.32,11.034256,BH,float 8,"[3, 13, 26, 4, 6]"
1360,0.983,0.33999999999999997,11.4246645,BH,float 8,"[11, 26, 32, 2, 21]"
1361,0.9828,0.36,11.942471,BH,float 8,"[7, 26, 23, 2, 19]"
1362,0.9816,0.48,12.58554,BH,float 8,"[3, 35, 36, 2, 24]"
1363,0.9814,0.5,12.802241,BH,float 8,"[3, 35, 28, 2, 23]"
1364,0.9814,0.5,13.0376425,BH,float 8,"[3, 20, 26, 2, 19]"
1365,0.9812,0.52,13.684476,BH,float 8,"[3, 13, 27, 2, 12]"
1366,0.98,0.64,14.024669,BH,float 8,"[3, 13, 36, 2, 5]"
1367,0.98,0.64,14.237789,BH,float 8,"[3, 13, 30, 2, 5]"
1368,0.988,-0.16,5.181484,GA,float 8,"[43, 22, 20, 44, 41]"
1369,0.9868,-0.04,5.7629266,GA,float 8,"[23, 43, 14, 23, 43]"
1370,0.9868,-0.04,6.0424986,GA,float 8,"[47, 28, 14, 42, 13]"
1371,0.9862,0.02,7.635211,GA,float 8,"[32, 42, 44, 4, 13]"
1372,0.9858,0.06,8.144002,GA,float 8,"[10, 43, 49, 4, 13]"
1373,0.9852,0.12,11.603724,GA,float 8,"[16, 20, 14, 17, 2]"
1374,0.9838,0.26,12.392799,GA,float 8,"[44, 45, 26, 4, 2]"
1375,0.9838,0.26,12.705852,GA,float 8,"[49, 12, 36, 4, 2]"
1376,0.9826,0.38,12.827612,GA,float 8,"[30, 24, 21, 4, 2]"
1377,0.9822,0.42,13.496461,GA,float 8,"[41, 8, 26, 4, 2]"
1378,0.982,0.44,14.058597,GA,float 8,"[25, 8, 14, 4, 2]"
1379,0.9818,0.45999999999999996,16.463326,GA,float 8,"[40, 48, 6, 2, 2]"
1380,0.9784,0.8,18.182133,GA,float 8,"[7, 8, 14, 2, 2]"
1381,0.9872,-0.08,5.7153773,PSO,float 8,"[42, 25, 41, 11, 32]"
1382,0.987,-0.06,6.229595,PSO,float 8,"[46, 29, 45, 7, 29]"
1383,0.9868,-0.04,6.2341814,PSO,float 8,"[25, 28, 17, 31, 9]"
1384,0.9866,-0.02,6.5937786,PSO,float 8,"[21, 29, 13, 28, 10]"
1385,0.9862,0.02,7.3022833,PSO,float 8,"[10, 30, 6, 38, 11]"
1386,0.9856,0.08,7.537747,PSO,float 8,"[5, 27, 15, 28, 14]"
1387,0.9854,0.1,8.9182,PSO,float 8,"[9, 33, 6, 28, 4]"
1388,0.9834,0.3,10.257819,PSO,float 8,"[3, 33, 8, 37, 4]"
1389,0.9824,0.4,11.596496,PSO,float 8,"[9, 29, 2, 39, 10]"
1390,0.9806,0.58,12.017525,PSO,float 8,"[8, 31, 2, 37, 11]"
1391,0.9802,0.62,12.939724,PSO,float 8,"[3, 36, 2, 37, 10]"
1392,0.9796,0.6799999999999999,14.520235,PSO,float 8,"[3, 36, 2, 38, 4]"
1393,0.979,0.74,14.672445,PSO,float 8,"[3, 29, 3, 37, 2]"
1394,0.9772,0.9199999999999999,16.743172,PSO,float 8,"[8, 32, 2, 34, 2]"
1395,0.9766,0.98,17.872868,PSO,float 8,"[3, 36, 2, 31, 2]"
1396,0.9874,-0.1,7.105042,BH,float 8,"[14, 25, 30, 32, 8]"
1397,0.9866,-0.02,7.3151,BH,float 8,"[10, 10, 38, 7, 19]"
1398,0.9864,0.0,7.534192,BH,float 8,"[15, 12, 34, 7, 12]"
1399,0.986,0.04,11.048164,BH,float 8,"[27, 20, 37, 15, 2]"
1400,0.9856,0.08,11.097069,BH,float 8,"[23, 17, 41, 11, 2]"
1401,0.9842,0.22,11.680465,BH,float 8,"[7, 18, 36, 22, 2]"
1402,0.9842,0.22,11.819264,BH,float 8,"[25, 19, 23, 7, 2]"
1403,0.9828,0.36,12.150053,BH,float 8,"[15, 25, 20, 6, 2]"
1404,0.9826,0.38,12.589076,BH,float 8,"[7, 20, 39, 2, 8]"
1405,0.982,0.44,16.875275,BH,float 8,"[5, 18, 43, 2, 2]"
1406,0.9814,0.5,17.115229,BH,float 8,"[7, 13, 35, 2, 2]"
1407,0.9798,0.66,17.190413,BH,float 8,"[5, 15, 41, 2, 2]"
1408,0.9798,0.66,18.20274,BH,float 8,"[3, 13, 34, 2, 2]"
1409,0.9792,0.72,18.41797,BH,float 8,"[3, 12, 26, 2, 2]"
1410,0.9788,0.76,18.959124,BH,float 8,"[3, 5, 21, 2, 2]"
1411,0.9866,-0.02,5.419921,GA,float 8,"[27, 19, 20, 47, 40]"
1412,0.9864,0.0,6.3995633,GA,float 8,"[40, 40, 45, 8, 14]"
1413,0.9862,0.02,10.3439665,GA,float 8,"[22, 37, 40, 38, 2]"
1414,0.985,0.13999999999999999,11.043892,GA,float 8,"[39, 26, 15, 28, 2]"
1415,0.9848,0.16,11.452607,GA,float 8,"[13, 11, 39, 18, 2]"
1416,0.9836,0.27999999999999997,12.64741,GA,float 8,"[27, 4, 17, 38, 2]"
1417,0.9834,0.3,12.860806,GA,float 8,"[27, 4, 32, 25, 2]"
1418,0.9824,0.4,13.503735,GA,float 8,"[27, 4, 40, 7, 2]"
1419,0.9818,0.45999999999999996,15.649704,GA,float 8,"[37, 19, 48, 2, 2]"
1420,0.9814,0.5,15.792007,GA,float 8,"[49, 19, 26, 2, 2]"
1421,0.9814,0.5,17.595749,GA,float 8,"[15, 11, 6, 2, 2]"
1422,0.9806,0.58,18.18467,GA,float 8,"[7, 12, 6, 2, 2]"
1423,0.9876,-0.12,5.3687468,PSO,float 8,"[50, 18, 42, 28, 28]"
1424,0.9872,-0.08,6.563936,PSO,float 8,"[22, 19, 9, 29, 16]"
1425,0.9872,-0.08,7.19031,PSO,float 8,"[15, 22, 6, 34, 15]"
1426,0.9862,0.02,7.9988084,PSO,float 8,"[12, 26, 8, 30, 8]"
1427,0.9854,0.1,11.3118305,PSO,float 8,"[22, 23, 9, 26, 2]"
1428,0.9854,0.1,11.312675,PSO,float 8,"[22, 21, 14, 30, 2]"
1429,0.9836,0.27999999999999997,11.626651,PSO,float 8,"[15, 10, 18, 27, 2]"
1430,0.9834,0.3,11.836436,PSO,float 8,"[23, 20, 5, 30, 2]"
1431,0.9834,0.3,12.494305,PSO,float 8,"[14, 13, 6, 25, 2]"
1432,0.9822,0.42,12.562218,PSO,float 8,"[11, 6, 14, 23, 2]"
1433,0.9802,0.62,12.691595,PSO,float 8,"[23, 19, 4, 36, 2]"
1434,0.9802,0.62,12.917493,PSO,float 8,"[27, 20, 2, 32, 4]"
1435,0.98,0.64,13.132026,PSO,float 8,"[7, 16, 2, 18, 7]"
1436,0.979,0.74,13.622628,PSO,float 8,"[14, 11, 2, 27, 4]"
1437,0.979,0.74,15.54643,PSO,float 8,"[3, 11, 3, 12, 2]"
1438,0.9788,0.76,16.084347,PSO,float 8,"[3, 5, 3, 14, 2]"
1439,0.9788,0.76,16.100868,PSO,float 8,"[23, 20, 2, 32, 2]"
1440,0.9784,0.8,16.409943,PSO,float 8,"[24, 14, 2, 30, 2]"
1441,0.9782,0.8200000000000001,16.849693,PSO,float 8,"[10, 10, 2, 22, 2]"
1442,0.9776,0.88,17.697409,PSO,float 8,"[6, 10, 2, 14, 2]"
1443,0.9772,0.9199999999999999,17.728846,PSO,float 8,"[9, 5, 2, 16, 2]"
1444,0.9768,0.96,18.196434,PSO,float 8,"[7, 5, 2, 12, 2]"
1445,0.9874,-0.1,6.321301,BH,float 8,"[38, 20, 34, 25, 8]"
1446,0.987,-0.06,6.820273,BH,float 8,"[46, 18, 15, 17, 7]"
1447,0.9864,0.0,6.970083,BH,float 8,"[14, 10, 41, 8, 45]"
1448,0.9858,0.06,8.774529,BH,float 8,"[38, 12, 6, 31, 4]"
1449,0.9854,0.1,11.119609,BH,float 8,"[21, 11, 17, 34, 2]"
1450,0.9846,0.18,11.600111,BH,float 8,"[25, 14, 13, 30, 2]"
1451,0.9844,0.2,11.733998,BH,float 8,"[33, 14, 6, 33, 2]"
1452,0.9832,0.32,11.818804,BH,float 8,"[24, 24, 8, 32, 2]"
1453,0.9828,0.36,12.066005,BH,float 8,"[32, 13, 8, 29, 2]"
1454,0.9818,0.45999999999999996,12.0744915,BH,float 8,"[31, 8, 16, 30, 2]"
1455,0.9812,0.52,13.149191,BH,float 8,"[30, 15, 3, 25, 2]"
1456,0.9788,0.76,13.231428,BH,float 8,"[29, 16, 2, 32, 3]"
1457,0.9784,0.8,13.261865,BH,float 8,"[27, 11, 2, 30, 3]"
1458,0.9784,0.8,16.352306,BH,float 8,"[30, 13, 2, 23, 2]"
1459,0.9782,0.8200000000000001,16.369701,BH,float 8,"[28, 14, 2, 24, 2]"
1460,0.978,0.84,16.382137,BH,float 8,"[27, 13, 2, 23, 2]"
1461,0.9778,0.86,16.442348,BH,float 8,"[22, 10, 2, 24, 2]"
1462,0.9774,0.8999999999999999,17.323769,BH,float 8,"[13, 5, 2, 20, 2]"
1463,0.977,0.9400000000000001,17.344902,BH,float 8,"[12, 5, 2, 18, 2]"
1464,0.9874,-0.1,5.149556,GA,float 8,"[30, 49, 33, 42, 31]"
1465,0.987,-0.06,11.639084,GA,float 8,"[22, 20, 14, 10, 2]"
1466,0.9834,0.3,13.074135,GA,float 8,"[7, 6, 16, 17, 2]"
1467,0.983,0.33999999999999997,13.087225,GA,float 8,"[7, 6, 16, 2, 32]"
1468,0.9824,0.4,13.11166,GA,float 8,"[6, 6, 16, 21, 2]"
1469,0.982,0.44,14.995101,GA,float 8,"[7, 6, 3, 11, 2]"
1470,0.9818,0.45999999999999996,16.42058,GA,float 8,"[22, 29, 14, 2, 2]"
1471,0.9816,0.48,16.434206,GA,float 8,"[22, 13, 17, 2, 2]"
1472,0.9814,0.5,18.188314,GA,float 8,"[7, 6, 16, 2, 2]"
1473,0.9794,0.7000000000000001,18.72227,GA,float 8,"[7, 6, 6, 2, 2]"
1474,0.9788,0.76,18.893923,GA,float 8,"[22, 6, 3, 2, 2]"
1475,0.9786,0.7799999999999999,19.793982,GA,float 8,"[3, 35, 3, 2, 2]"
1476,0.9876,-0.12,6.8483853,PSO,float 8,"[16, 26, 14, 18, 15]"
1477,0.987,-0.06,7.507475,PSO,float 8,"[11, 27, 6, 31, 9]"
1478,0.986,0.04,10.999171,PSO,float 8,"[22, 19, 26, 17, 2]"
1479,0.9854,0.1,11.011514,PSO,float 8,"[30, 26, 34, 13, 2]"
1480,0.9846,0.18,11.9472065,PSO,float 8,"[14, 30, 16, 14, 2]"
1481,0.9844,0.2,12.046901,PSO,float 8,"[10, 12, 13, 22, 2]"
1482,0.9842,0.22,12.580048,PSO,float 8,"[6, 10, 17, 11, 2]"
1483,0.983,0.33999999999999997,12.898981,PSO,float 8,"[6, 10, 13, 13, 2]"
1484,0.9804,0.6,13.305806,PSO,float 8,"[11, 18, 4, 17, 2]"
1485,0.98,0.64,13.374228,PSO,float 8,"[10, 26, 2, 22, 4]"
1486,0.9798,0.66,13.535069,PSO,float 8,"[4, 14, 21, 11, 2]"
1487,0.9792,0.72,14.388355,PSO,float 8,"[4, 8, 9, 16, 2]"
1488,0.979,0.74,15.009224,PSO,float 8,"[3, 8, 5, 12, 2]"
1489,0.9786,0.7799999999999999,17.186054,PSO,float 8,"[9, 14, 2, 12, 2]"
1490,0.9774,0.8999999999999999,17.338644,PSO,float 8,"[7, 10, 2, 20, 2]"
1491,0.9772,0.9199999999999999,17.728846,PSO,float 8,"[9, 5, 2, 16, 2]"
1492,0.977,0.9400000000000001,18.158716,PSO,float 8,"[8, 5, 2, 13, 2]"
1493,0.9768,0.96,18.196434,PSO,float 8,"[7, 5, 2, 12, 2]"
1494,0.9876,-0.12,6.062579,BH,float 8,"[11, 28, 43, 21, 30]"
1495,0.9872,-0.08,7.009947,BH,float 8,"[31, 26, 14, 23, 8]"
1496,0.987,-0.06,7.459313,BH,float 8,"[20, 5, 14, 17, 15]"
1497,0.9858,0.06,7.8918943,BH,float 8,"[30, 5, 15, 22, 8]"
1498,0.9856,0.08,7.9219503,BH,float 8,"[27, 5, 16, 21, 8]"
1499,0.9854,0.1,7.943039,BH,float 8,"[25, 5, 16, 21, 8]"
1500,0.985,0.13999999999999999,11.375837,BH,float 8,"[39, 12, 13, 27, 2]"
1501,0.985,0.13999999999999999,11.6321,BH,float 8,"[34, 5, 18, 22, 2]"
1502,0.9848,0.16,12.105241,BH,float 8,"[29, 5, 16, 24, 2]"
1503,0.9848,0.16,12.70123,BH,float 8,"[23, 5, 6, 28, 2]"
1504,0.9838,0.26,13.705202,BH,float 8,"[28, 4, 6, 25, 2]"
1505,0.9834,0.3,13.769432,BH,float 8,"[22, 4, 6, 27, 2]"
1506,0.9792,0.72,13.805029,BH,float 8,"[19, 4, 8, 28, 2]"
1507,0.9784,0.8,13.814622,BH,float 8,"[19, 5, 4, 30, 2]"
1508,0.9766,0.98,17.321484,BH,float 8,"[13, 5, 2, 27, 2]"
1509,0.987,-0.06,6.2224517,GA,float 8,"[26, 9, 17, 30, 19]"
1510,0.9858,0.06,11.143105,GA,float 8,"[40, 37, 6, 36, 2]"
1511,0.9846,0.18,13.921722,GA,float 8,"[7, 12, 45, 4, 2]"
1512,0.9822,0.42,14.089111,GA,float 8,"[23, 9, 6, 4, 2]"
1513,0.982,0.44,14.48543,GA,float 8,"[11, 9, 6, 4, 2]"
1514,0.9816,0.48,16.697868,GA,float 8,"[25, 49, 6, 2, 2]"
1515,0.9816,0.48,16.934261,GA,float 8,"[24, 27, 6, 2, 2]"
1516,0.9808,0.5599999999999999,17.819,GA,float 8,"[23, 5, 6, 2, 2]"
1517,0.9804,0.6,18.134611,GA,float 8,"[15, 5, 6, 2, 2]"
1518,0.9804,0.6,18.194164,GA,float 8,"[12, 5, 6, 2, 2]"
1519,0.9776,0.88,18.851223,GA,float 8,"[4, 29, 6, 2, 2]"
1520,0.9774,0.8999999999999999,19.192411,GA,float 8,"[4, 9, 6, 2, 2]"
1521,0.9878,-0.13999999999999999,6.197476,PSO,float 8,"[27, 27, 17, 18, 13]"
1522,0.9874,-0.1,6.2185645,PSO,float 8,"[25, 27, 17, 18, 13]"
1523,0.987,-0.06,6.5532427,PSO,float 8,"[23, 10, 30, 10, 26]"
1524,0.9866,-0.02,6.5863404,PSO,float 8,"[22, 10, 27, 16, 19]"
1525,0.9862,0.02,10.783224,PSO,float 8,"[21, 29, 33, 21, 2]"
1526,0.9854,0.1,12.046776,PSO,float 8,"[10, 12, 29, 14, 2]"
1527,0.9844,0.2,12.051406,PSO,float 8,"[10, 10, 32, 12, 2]"
1528,0.9836,0.27999999999999997,13.115117,PSO,float 8,"[6, 5, 30, 13, 2]"
1529,0.9828,0.36,13.151699,PSO,float 8,"[5, 6, 27, 15, 2]"
1530,0.9818,0.45999999999999996,14.21109,PSO,float 8,"[5, 4, 30, 15, 2]"
1531,0.9798,0.66,14.212312,PSO,float 8,"[5, 4, 26, 13, 2]"
1532,0.9778,0.86,15.225761,PSO,float 8,"[3, 3, 30, 15, 2]"
1533,0.9774,0.8999999999999999,15.226568,PSO,float 8,"[3, 3, 32, 13, 2]"
1534,0.9768,0.96,15.227386,PSO,float 8,"[3, 3, 27, 12, 2]"
1535,0.9886,-0.22,5.6639233,BH,float 8,"[10, 37, 45, 25, 38]"
1536,0.9874,-0.1,6.981941,BH,float 8,"[10, 37, 20, 7, 18]"
1537,0.9866,-0.02,7.4149666,BH,float 8,"[15, 22, 24, 12, 8]"
1538,0.9864,0.0,8.1399145,BH,float 8,"[16, 22, 30, 18, 4]"
1539,0.986,0.04,11.627625,BH,float 8,"[23, 20, 9, 11, 2]"
1540,0.9854,0.1,11.661237,BH,float 8,"[20, 21, 13, 11, 2]"
1541,0.9848,0.16,11.675331,BH,float 8,"[19, 20, 14, 10, 2]"
1542,0.984,0.24,11.703403,BH,float 8,"[17, 18, 13, 11, 2]"
1543,0.983,0.33999999999999997,12.717834,BH,float 8,"[21, 19, 6, 8, 2]"
1544,0.9824,0.4,12.975067,BH,float 8,"[27, 12, 6, 6, 2]"
1545,0.9802,0.62,13.010359,BH,float 8,"[19, 22, 2, 18, 4]"
1546,0.979,0.74,13.602916,BH,float 8,"[19, 10, 12, 3, 2]"
1547,0.9788,0.76,16.476048,BH,float 8,"[19, 18, 2, 12, 2]"
1548,0.9776,0.88,16.7265,BH,float 8,"[25, 13, 2, 9, 2]"
1549,0.9776,0.88,17.259857,BH,float 8,"[25, 12, 2, 8, 2]"
1550,0.9772,0.9199999999999999,17.278118,BH,float 8,"[23, 14, 2, 8, 2]"
1551,0.977,0.9400000000000001,18.324438,BH,float 8,"[25, 13, 2, 4, 2]"
1552,0.9766,0.98,18.350454,BH,float 8,"[23, 11, 2, 4, 2]"
1553,0.9864,0.0,5.8188853,GA,float 8,"[14, 27, 36, 33, 21]"
1554,0.9856,0.08,6.560528,GA,float 8,"[25, 21, 18, 34, 6]"
1555,0.9854,0.1,6.987174,GA,float 8,"[13, 16, 5, 33, 41]"
1556,0.9852,0.12,7.5080953,GA,float 8,"[6, 21, 34, 31, 8]"
1557,0.985,0.13999999999999999,8.571931,GA,float 8,"[40, 16, 45, 4, 5]"
1558,0.9848,0.16,10.74007,GA,float 8,"[26, 18, 20, 36, 2]"
1559,0.984,0.24,10.799007,GA,float 8,"[45, 16, 20, 33, 2]"
1560,0.9836,0.27999999999999997,11.356226,GA,float 8,"[29, 11, 39, 9, 2]"
1561,0.983,0.33999999999999997,11.692958,GA,float 8,"[7, 22, 40, 2, 31]"
1562,0.9816,0.48,11.805221,GA,float 8,"[7, 9, 39, 2, 45]"
1563,0.9816,0.48,11.839568,GA,float 8,"[11, 45, 11, 2, 15]"
1564,0.9816,0.48,12.445975,GA,float 8,"[9, 43, 13, 2, 6]"
1565,0.9814,0.5,16.143404,GA,float 8,"[43, 21, 16, 2, 2]"
1566,0.9812,0.52,16.42338,GA,float 8,"[50, 15, 15, 2, 2]"
1567,0.9808,0.5599999999999999,17.111313,GA,float 8,"[7, 15, 36, 2, 2]"
1568,0.9778,0.86,18.128725,GA,float 8,"[33, 15, 3, 2, 2]"
1569,0.9874,-0.1,5.270792,PSO,float 8,"[33, 38, 36, 18, 22]"
1570,0.9868,-0.04,6.3319635,PSO,float 8,"[26, 41, 23, 10, 9]"
1571,0.9866,-0.02,6.5744987,PSO,float 8,"[22, 24, 30, 14, 13]"
1572,0.9864,0.0,6.744267,PSO,float 8,"[28, 19, 20, 28, 6]"
1573,0.9864,0.0,7.153106,PSO,float 8,"[20, 22, 25, 10, 6]"
1574,0.986,0.04,11.236797,PSO,float 8,"[28, 31, 22, 16, 2]"
1575,0.986,0.04,11.262713,PSO,float 8,"[26, 28, 22, 13, 2]"
1576,0.986,0.04,11.273176,PSO,float 8,"[25, 28, 25, 13, 2]"
1577,0.9854,0.1,11.929014,PSO,float 8,"[6, 22, 26, 17, 2]"
1578,0.983,0.33999999999999997,12.730369,PSO,float 8,"[20, 18, 33, 4, 2]"
1579,0.9824,0.4,12.969892,PSO,float 8,"[18, 18, 32, 3, 2]"
1580,0.9822,0.42,13.302981,PSO,float 8,"[11, 19, 30, 4, 2]"
1581,0.982,0.44,16.81994,PSO,float 8,"[11, 12, 32, 2, 2]"
1582,0.9798,0.66,17.33204,PSO,float 8,"[7, 11, 32, 2, 2]"
1583,0.9792,0.72,17.372824,PSO,float 8,"[6, 10, 32, 2, 2]"
1584,0.979,0.74,17.648283,PSO,float 8,"[7, 8, 37, 2, 2]"
1585,0.9788,0.76,17.947056,PSO,float 8,"[5, 6, 32, 2, 2]"
1586,0.978,0.84,18.958708,PSO,float 8,"[3, 5, 27, 2, 2]"
1587,0.9876,-0.12,5.608431,BH,float 8,"[12, 25, 41, 50, 43]"
1588,0.9868,-0.04,6.6658463,BH,float 8,"[36, 25, 9, 36, 6]"
1589,0.9858,0.06,6.8853965,BH,float 8,"[15, 26, 13, 26, 11]"
1590,0.9856,0.08,12.530484,BH,float 8,"[7, 21, 13, 15, 2]"
1591,0.9848,0.16,13.094233,BH,float 8,"[6, 28, 6, 14, 2]"
1592,0.9824,0.4,13.610984,BH,float 8,"[3, 27, 13, 13, 2]"
1593,0.9822,0.42,14.146481,BH,float 8,"[3, 25, 5, 15, 2]"
1594,0.981,0.54,15.211283,BH,float 8,"[3, 27, 3, 13, 2]"
1595,0.9798,0.66,15.213806,BH,float 8,"[3, 24, 3, 16, 2]"
1596,0.9768,0.96,18.19688,BH,float 8,"[3, 35, 2, 15, 2]"
1597,0.9872,-0.08,5.1434975,GA,float 8,"[31, 37, 30, 47, 45]"
1598,0.9872,-0.08,5.640432,GA,float 8,"[11, 41, 40, 19, 38]"
1599,0.9864,0.0,6.1345534,GA,float 8,"[20, 10, 40, 9, 47]"
1600,0.9862,0.02,6.230005,GA,float 8,"[31, 26, 41, 7, 40]"
1601,0.9854,0.1,11.0337925,GA,float 8,"[29, 11, 48, 19, 2]"
1602,0.9852,0.12,11.515307,GA,float 8,"[10, 11, 48, 19, 2]"
1603,0.984,0.24,11.837998,GA,float 8,"[10, 11, 34, 9, 2]"
1604,0.9838,0.26,12.820481,GA,float 8,"[8, 11, 13, 14, 2]"
1605,0.9822,0.42,14.015627,GA,float 8,"[3, 13, 13, 2, 10]"
1606,0.982,0.44,18.736534,GA,float 8,"[3, 13, 13, 2, 2]"
1607,0.9792,0.72,18.736734,GA,float 8,"[3, 13, 11, 2, 2]"
1608,0.9784,0.8,18.736834,GA,float 8,"[3, 13, 10, 2, 2]"
1609,0.9874,-0.1,6.264298,PSO,float 8,"[26, 38, 6, 22, 45]"
1610,0.9868,-0.04,7.525875,PSO,float 8,"[11, 19, 20, 13, 5]"
1611,0.9854,0.1,8.004359,PSO,float 8,"[7, 28, 15, 5, 18]"
1612,0.9852,0.12,8.203437,PSO,float 8,"[19, 18, 31, 4, 16]"
1613,0.9844,0.2,11.133221,PSO,float 8,"[34, 18, 30, 2, 16]"
1614,0.984,0.24,11.465153,PSO,float 8,"[10, 20, 30, 2, 18]"
1615,0.9836,0.27999999999999997,11.466482,PSO,float 8,"[10, 19, 30, 2, 18]"
1616,0.983,0.33999999999999997,11.484276,PSO,float 8,"[9, 20, 29, 2, 19]"
1617,0.983,0.33999999999999997,13.450126,PSO,float 8,"[7, 6, 40, 2, 8]"
1618,0.9818,0.45999999999999996,13.482252,PSO,float 8,"[3, 10, 36, 2, 11]"
1619,0.9798,0.66,14.196625,PSO,float 8,"[3, 8, 31, 2, 16]"
1620,0.9792,0.72,14.548636,PSO,float 8,"[3, 8, 42, 2, 6]"
1621,0.9782,0.8200000000000001,18.202791,PSO,float 8,"[3, 13, 33, 2, 2]"
